text,true_sentiment,predicted_sentiment
"whats your stand on marriage me what the natalie, stop asking me these questions go get a job dad",negative,negative
dont be worried im safe and sound 3 you,positive,negative
getting ready for a goingaway dessert reception for a colleague whos off to grad school,neutral,neutral
okay haileys really gone now everyone keep her in your prayers,negative,neutral
hoping it will rain again because its sooo warm,positive,positive
1 month ahaha and i dunno if i can go tomorrow lmao cause i went today freakin filipino parents aha,neutral,neutral
babysitting kids who wont let me play wii with them,negative,neutral
aww yeah i feel you i know its hard,negative,negative
my computer dies soon its so much virus on it but my virus scanner cant find it s,negative,negative
freakin frustrated why cant my coach realize that times are hard aint nobody got the money to buy cookie dough for no new uniforms,negative,negative
sats what the its just around the corner,neutral,neutral
"i jus spoke 2 my lawyer, if i blow trial 3to7",neutral,neutral
i think ive heard of that song ill listen to it tomorrow,neutral,neutral
"i definitely missed listening to the spill canvas, i miss seeing them live as well now im in stitches ooooover you and oooover you, oh",negative,negative
is watching the jonas brothers special on sky movies,neutral,neutral
ok its been one hour im still waiting im losing my patience,negative,neutral
i can give you the contact of the person who makes those cheesecakes,neutral,neutral
seems really quiet tonightam jealous of those who are clearly having a more exciting life than me off to bed i think,neutral,negative
happy mothers day mama bear,positive,positive
loll whats boyfriend supposed to mean then its to cold,negative,neutral
public bathrooms,neutral,neutral
there is a baby cardinal fallen out of its nest i dont want to get attacked by the mom bird but i dont want the dog to get the bird,neutral,negative
just got the bouquet of flowers for my mom hehehe sweet,positive,positive
omg jonas is my new fave show 3 one guess as to why hahahha,positive,positive
too bad i dont have either,negative,neutral
morningtired should i excercise or jus relax need to catch up on sleepladies would you like to see shemar moore embassy hit me up,neutral,positive
phone will die soon what to do now oh no,negative,negative
and were going to pune tomorrow,neutral,neutral
is feeling the effects of spring my sinuses are killing me,negative,negative
the sunset view is so beautiful from my room,positive,neutral
good morninghoping to throw back some coffee like right now,neutral,positive
ohhh yea it is from the same film and this one had been a fave for a longgggg time any1 for humma humma,positive,neutral
ten bucks says i know where your going and if its where i think it islet me know if my boulder is still on the beach,neutral,neutral
"mit bookstore has best book selection, but its the one bookstore i have no coupons or discounts for",positive,positive
"haha, its cos one of your tweets was smile smile smile, so i quoted the boys in reply",positive,positive
"_richie i also saw u on american idol great performance, i see u will be at windsor in june 20 commodores wont be there",neutral,positive
i cant my heart aches for her children i wanna adopt alexis,negative,negative
ill probably have better photos up later today took some picks with my big camera too camera phone blury camera,neutral,neutral
cant wait mate it is goin to fantastic its made my week,positive,positive
i miss you too and dont say damn lol,negative,negative
does the 1st show count that would be the midnight show thurs nightfri morning,neutral,neutral
hey whats up im just at the library right now and the comp is about to sign me out,neutral,neutral
circus was fun i dont have any hope of getting out of the parking lot havent moved in 10 min,neutral,positive
i chilled in my room with my baby book missed my bro leavin he really is cool had a stripper shirt on said i suppoort single moms funny,neutral,positive
"ouch sunburns bad hope its not to sore on your bedding, thats always the problem",negative,negative
elora danan are breaking up too and im missing their last nsw show too def need to hit up melbs someone come with,negative,negative
"oh hey, look, north korea are going to kill us all or at least some of us",negative,negative
i want so bad to go to the mcflys concert,positive,neutral
"3, youtube loves my hd videos well maybe",positive,neutral
"ooh, i love sweet potato fries we should definitely go",positive,positive
sighits always so sad when you watch the series finaleno more green wing left to watch,negative,negative
awe thanks,positive,positive
get thee yon to the nearest walgreens upon arrival,neutral,neutral
say hi nikki pleaseeeeeelol soulja boy tell em live live,neutral,neutral
i spoke but when niggas be looking at ya crazi all the time u just stop plus i always used to see yall when i just wanted,neutral,neutral
just checked my bank balance i spend like a millionaire despite the fact i am nowhere near as rich as one,neutral,negative
whn r u goin to europe,neutral,neutral
"629 pm ok, lets go now through but first a break 0 aargh tired",negative,negative
not ideal bank holiday conditions a little over cast and rainy but perfect for a lazy day with a dvd,negative,positive
prepare yourself,neutral,neutral
"its the small things in life that count, like being on a blur photograph of google streetview keep following",positive,neutral
hope your weekend was fabulous do anything interesting,positive,positive
"watching nemecek go on her computer, fun lol i keed norms was fun",positive,positive
"if anyone has a dreamwidth spare invite code lying around, could you please spare me one pretty please",neutral,neutral
"huge test at the parents house the food is so good, but stuck to one helping, no seconds feels good",positive,positive
is on twitter for the second day running this is what study leave does to me if only my car were in one piece,negative,neutral
"happy bday just woke up on this side of earth, so wishes are bit late",positive,positive
no one told me the mutual admiration society was meeting this morning lol hi boys,negative,neutral
"its a good day the lake is a mirror, the kids are happy, and i get to clean the cabin today err two outta three aint bad",positive,positive
"wish we could have surprised them and gone to h, but just couldnt work it out",neutral,positive
sittin at the hospital with isaac cause he hit his head,negative,negative
so im kinda pissed that boys like girls is gonna be at kentucky kingdom on a date i already have a show,negative,negative
suivez moi follow me everybody,neutral,neutral
"thank a chut ï½ chc vy quï½, hik, chc em phi i hc 1 khï½a ph cp kin thc c khï½ gp",positive,positive
again again,neutral,neutral
i am down i need my snuggles but he is at work and he dont like to snuggle ironic huh,neutral,negative
waitwhy didnt i know about this wedding arent i supposed to be in yours and vice versa btw i know its not yours,neutral,neutral
the nvidia ionbased lenovo ideapad s12 is awesome fn key to left of ctrl makes it nonstarter for me though,positive,positive
"_mueller yes i love it its just a little bit complicated, because i want it on my bb , but it doesnt work",neutral,negative
sounds like my kinda day,positive,neutral
my sons first tooth came out but he left it at school,neutral,negative
ready to go home,neutral,neutral
_ i wanna go to the pub,neutral,neutral
my first pos,neutral,neutral
went to the doctors for a physical including blood work _ and the eye doctors for new glasses,neutral,neutral
i hate it it should just be english all day everyday,negative,negative
eh its cold,neutral,neutral
just spent the evening at a gala for her high school drama companys 20th anniversary lots of memories,positive,positive
"gotta sleep, and then off to work",neutral,neutral
i have forgot the live with the jonas brothers on facebook,neutral,neutral
the ball is in motion i have to type up concepts in outline format we could develop those to ensure we deliver greatness,positive,neutral
ok just between u and me and all of our followers on twitter what do u really think of lol,neutral,neutral
excited for rove tonight jennifer garner and gina riley,positive,positive
cant change my profile or settings,neutral,neutral
iva i already miss yoo my sweet,negative,negative
omgeee that hurt like helll finally got it back in cant close it put the ball back in,negative,positive
stupid sun i actually have to work now,negative,negative
lay by the pool and take a nap my agenda for the day,neutral,neutral
i gots the sniffles,neutral,neutral
brilliant thanks not sure what brownie points will get you though,positive,positive
"aahhh nyc placements have started to come out, but it looks like upgrades have to wait yet another two weeks for placements dreadfully",neutral,neutral
it could be worse so u usually a nite owl,negative,negative
"yeah, im not really feeling it either of course, i dont like the movie line, i wish that we were getting more animated",negative,negative
sigh last day at work i has an sadifying in my heartparts,negative,neutral
off to pick up my daughters who appear to be picking up an unhealthy liking for primarkfeel like a bad parent,negative,negative
"happy birthday to meeeee excited to go out tonight, but im gonna miss my girl",neutral,positive
liking my fake tan orange colour,positive,negative
it was a great wedding the band was awesome they played a ton of great 80s songs as was the food,positive,positive
"just looked at your page and realised it was a radio show, get them to play call it what you want so love that track",positive,neutral
"oh man, that sucks im sorry, doll",negative,negative
ouuhh dont cry i feel so sad right now,negative,negative
watching thomas the train engine makes me miss george carlin,negative,neutral
dont wanna cry but the seniors are out there graduatingits breakin my heartbut im home,negative,neutral
back from sql finals tomorrownew video today,neutral,neutral
finished watching the movie mirrors i liked it but it really didnt do anything for me 5 out of ten i give it cool,positive,positive
awesome lucky you,positive,positive
wishing i could kidnap from work,neutral,positive
not feelin so hot,neutral,negative
i missed you guys this morning im in tacoma w no kgw to start my day,negative,neutral
i think i have mine in hangers in the closet,neutral,neutral
_bayliss naww when should we go on mega scotter,neutral,neutral
infamous should have arrived today but it didnt,neutral,neutral
has finally taken a shower after much distraction from twitter and the bubble wrap off to read and drink a smoothie,neutral,neutral
keep the suggestions comingi love the classics,positive,positive
watching keeping up with the kardashian on youtube,neutral,neutral
are u planning on doing cardio for 15 hrs if so thats very reasonable whatcha do last night,positive,neutral
going to see my grandad today 3,neutral,neutral
happy imma get to see some lovely ladies,positive,positive
yes2 bgt if everything goes well ill catch their reunion concert,neutral,neutral
_surprises unfortunately yes,negative,negative
wish i was 17 again,positive,neutral
a hugs i wish i could help,negative,positive
friday night is my fav night of the week but now i have to go to stupid dog training classes,positive,neutral
dont leave us,neutral,neutral
tx me i have a new fone and i dont have anyones numbers,neutral,negative
i cant believe you tweeted that it was our special moment,negative,positive
why wont the kids sleep,negative,neutral
got such sore feet,negative,negative
hello everybody tis a cloudy day here in amanzimtoti today,neutral,neutral
about to start work and missing him like crazyi wont be seeing him till tuesday,negative,negative
i love you too baby see im cool now,positive,positive
now you have to cover the whole purse with those so it looks like a pattern,neutral,neutral
"out with bre, jimmy, and jon p",neutral,neutral
ill keep that in mind if i decide to add an la leg to my westt coast stint in june,neutral,negative
happy birthday to,positive,positive
our quinn puppy got a sick,negative,negative
"your the only one, i love they really have several women",negative,positive
"link wont open, but i will try it when i have a better connection tomorrow im curious now",positive,positive
finally got my lil monster off my hands so i could run errands and now i gotta do them in the rain,neutral,positive
my computer at work is not workingbooo need a new one tgif,neutral,neutral
sitting at the doctors office,neutral,neutral
goodnight lovely,positive,positive
salad from krogers i was hungry,neutral,neutral
_cullen oh really ive already put all the pics up sorry,negative,negative
"got through two thirds of new moon in three days, now on to eclipsethen more work assignments sadly dnt write them selves",negative,negative
imma talk to ya later ishi goodnight kid,positive,positive
i did argue with byron because he said im fat,negative,neutral
"hope you guys are having fun cant wait for yall to be back, wilmy isnt the same without you",positive,positive
supernatural was good as loved it,positive,positive
"honestly last night was amazing, everything was perfect",positive,positive
hurray twin girls born on this beautiful may day,positive,positive
"dont know what to do right nowpretty bored, but i refuse to study any suggestions",negative,neutral
", oh the mint lounge awesome night",positive,positive
dont want to go,negative,negative
true but if i dont put a case on it ill break it in a week dont worry ill find a way to make it work,neutral,neutral
i no longer have a ticket for ny,negative,neutral
_mactastic i dunno p howd i end up waking up at 2 am its a mysterious world,negative,neutral
was going to grandpas place for lunch to celebrate his 88th just found out its changed to a chinese buffet bringing gasx,neutral,neutral
"really enjoyed star trek great movie, amazing special effects definately recommend even if your not a trekky",positive,positive
it were is eric or anyone else when you need your hair to be played with,neutral,neutral
"gary just tried the ommegang chocolate indulgence no chocolate, no indulgence, just metallic best i can",positive,positive
is at the farm doing what i do bestriding my offget at me,neutral,neutral
"outta the shower, too bad justin couldnt spend the night haha",negative,negative
"gaaaaaaasp i didnt know it will be the final one sad, ive been reading those books for years",negative,negative
morrissey will cure you i am jealous but not in a slash your tyres way just in a hope you enjoy it wish i cuold go way,neutral,positive
another interview please somebody hire me but im late,negative,negative
they never cease to amaze me,positive,neutral
"well thats me for the day, watching panthers tonight beat the saints fingers crossed cause there are no qld teams playing this round",neutral,neutral
"aku kbangun gara2 mimpi , very bad dream",negative,negative
yum do you do home delivery,positive,positive
moving today im so excited,positive,positive
"really mad at myself for forgetting about the may 24 deadline for the 40,000 mile award trips to south america on",negative,neutral
yupstill havent packed,neutral,neutral
im with ya doesnt follow me either,neutral,neutral
rode a jeep home with my mentor heard his story being in up finearts pretty cool,positive,positive
_manford awww thats such a lovely thing for u to say to me are u doing any in manchester x,positive,positive
_am_umlaut oh no im very sorry to hear,negative,negative
how are you convinced that i have always wanted you what signals did i give off i think i just lost another friend,negative,negative
"thanks for asking, sarah i am glad tomorrow 5th is a holiday here in korea i will have some rest and i will be right as rain",positive,positive
ooo and good luck for dundee tonight i cant be there cos i have a ton of uni work,positive,positive
stressed out fro work and having a drink,negative,negative
oh i love that as well all of mcr songs are great and happy star wars day to yaa xd,positive,positive
im terrified about the surgery next week,negative,neutral
yes,neutral,neutral
"ive done nothing today apart from moan,whinge,moan",negative,negative
"im just to far from where you are, i wanna go home",positive,neutral
_violence heyyyy babyy,negative,neutral
going to learn the hoedown throwdown today,neutral,neutral
sometimes i wish things could go back to the way they were the beginning of last summer,neutral,neutral
sick at home and so bored i want to get better already so i can enjoy being a college grad,negative,negative
"homee from wango tango, i had fun really tired now wrapping moms present and passing out 3",positive,negative
shes so cute when shes sleepy,positive,positive
watering the plants at home drinking a delicious smoothie from morgans because my jamba exploded,positive,positive
the pool doesnt open til tomorrow,neutral,neutral
"thanks for the follow, doug i like that hat",positive,positive
ill be thinking about how many goals united are going to knock past city how bout you,neutral,neutral
"yep, lost my bet to chris",negative,negative
"flat is sparkling clean, now thats team work on way to pick up food for 6",positive,neutral
all of a sudden im craving broccoli and cheese soup really bad oh the hunger,negative,negative
yeah the tomato paste and oil is traditional on a sandwich eat it with some olives and maltese cheese yum,positive,positive
no i havent had chance to watch that yetgoing to have to get hold of it thanks for the tip,positive,neutral
jennnnnn richhhh wast to the ed,neutral,neutral
"home from my relatives my sissy, , posted pics of her and our cupie cousin audrey",neutral,neutral
i smell cake but i dont see any cake on the oven,neutral,neutral
luvvv it but one aquestionwhy isnt there any full moon crazy tour date for toronto,neutral,neutral
glad to see and more red bull air racers here keeping us in the loop,positive,positive
theres a spider above my bed calming my fears by listening to greeeeen day3,positive,neutral
lol my other tankdps friend is having the same problem in a different guild wtf is wrong with this server,negative,negative
clambering about in crashed cars hilarious fun,positive,positive
just had an awesome girl scout day at dodger stadium with two awesome olympic athletes joanna hayes and heather bown and we won,positive,positive
thanks,positive,positive
yea baby im gonna miss you so much,negative,negative
but i know i cant,neutral,neutral
thinks someone may have keyed her car big scratches on the hood,negative,negative
"heh when i moved into my house pius was having a pep rally, so there was cheering and a band",neutral,neutral
"that pic of donnie is the one siouxsinner took last night at the launch word has it, hes got a solo album comin out too",neutral,neutral
"oops, forgot we are having a barbecue at work today i didnt need to pack a lunch after all",negative,negative
home with maddie im tired goin to bed afterwards,negative,neutral
lol yea i know im almost done with my semester this week yay,neutral,neutral
warren has just died hannah has been killed and im gutted i love warren even if he is nasty,neutral,negative
heh i send dem when i get dem jen i was shocked i found so many these last few days earlier in the week nothing,negative,neutral
at work oh no its the first day of monthly visitor ahhhhhh,neutral,neutral
haha nice to know im not alone working in the bbc and cant see it,positive,positive
has to be a mac believe me you wont regret it,positive,negative
"oh, i wanna buy just that girl drew seeley, but im not allowed im talking itunes store",neutral,neutral
dam just finished watching prison break the final breakomg i dont think ive cried so hard for a showfinally understand the finale,positive,negative
when we got more followers we gonna have a competitionhope you all look forward,positive,neutral
"oh, me still hasnt got around to starting it",neutral,neutral
oh i love oreos u cant get many varieties in the uk,positive,positive
haha i know and then i need a new car too oh ps i got a speeding ticket,neutral,neutral
you rock my socks off sorry you have to go to bfe maryland,neutral,negative
"yeah, that was my thumb last night sorry",negative,negative
"ha hajust found a new cocktail dances with wenches cranberry juice, spiced rum, sounds nice but i dont have any cranberry juice",positive,positive
is watching sicko and is utterly digusted with this country,negative,neutral
computer remains dead,negative,negative
sorry everybody apparently twitter isnt sending me my updates,negative,negative
im home where i am about 2 drink alone,negative,neutral
"seriously underrated porridge, the best breakfast in the world ever doesnt need to be gloopy, as long as it is made just right",neutral,positive
"aww i cant believe that wee girl on bgt was crying, it was so sad",negative,negative
"he has been really brave but this is the best thing to do now he can rest and get better get well soon, alexi",positive,positive
yupunfortunately took today off work and just slept all day,negative,neutral
_x butbutbuttt he replied to you loads,neutral,neutral
"you can ride one, you can catch one, but its not summer til you pop open one",neutral,neutral
"i wonder if she knows how shallow, airy dumb her tweets make her sound i guess not bc if she didshed probably stop",negative,neutral
ok i got you knight,neutral,neutral
so sad emma u sad to be leaving the show,negative,negative
boredumsong of the day i caught myself by paramore and no good deed from the musical wicked oh and fully alive by flyleaf,negative,neutral
i think im about to break my own heart as emo as that sounds meh,negative,negative
any others jobs like this available sounds like a great experience direct message if you know of any others,positive,positive
i hate funerals,negative,negative
heading home after a long week wish someone onther than marketers would follow me,positive,neutral
_xox ur really smart,positive,neutral
im hungry i want scrambled eggs again my grandma always makes perfect scrambled eggs my mum sucks at it so ill go make some myself,neutral,negative
contemplating whether or not i will go to prom as i listen to my 80s playlist somethings tellin me it might be you stephen bishop,neutral,neutral
"ooooh, boo we only see each other at the bar at s well or miss each other ill make a pt of stopping by",negative,neutral
"arrest her or, anything ending in est that can be done to her",negative,neutral
"word is marlon brando gave him 25 cent yeah , tha godfather",neutral,neutral
ps i heart your face,positive,neutral
have a happy trip,positive,positive
its tough being a thick chik,negative,negative
goodnight baby loll jk night,positive,positive
so glad the days almost over another nite of me nd my pain pills alone at the crib lol ughh i wish this weekend was over alreadi,negative,positive
wants to smoke a cig but doesnt have a lighter,neutral,neutral
"they are terrible little beast but if the garden is small you can simply collect them, or you can buy poisonous food pellets",negative,negative
crabs are amazingwell as long as theyre not in your pants,neutral,neutral
"what i meant to say at yardhouse, waikiki s bday she should dj some dozen others",neutral,neutral
watching the killers on jr they are awesome too late though they just cut the programme mid song twas my favourite too,neutral,positive
directing a theatre play,neutral,neutral
animating an ad for work one of my favorite things to do so much so that im doing it on a saturday night for fun,positive,positive
feeling like hope its not swine flu or something,negative,positive
"being tall has its ups and downs , my legs are in pain",negative,negative
"great pic,have to upload my pix tomo,ive no laptop tonight",positive,positive
"_3 u know kids do what we do not what we say well, dont we all, really",positive,neutral
my children have promised me birthday brekkie in bed theres a problem with that in that theres bugger all food in the house,negative,negative
done with the packing and everything else leaving in 3 hours,neutral,neutral
night twitter lovelies happy yo momma day i luff you mummy,positive,positive
_printchick exactly thats the first time i saw his reply to jon never going there again oh have fun with d new phone,positive,positive
no school today gd but dont get to see mates n millsy x,neutral,neutral
yeah daw a wear a mask na,neutral,neutral
never does anything good school and rabbit it my life cycle dunno how to tune a giutar so i am stuffed,negative,positive
fiiiinaaalllyyy home after driving all day speeding ticket torential rains fun times,positive,positive
texting,neutral,negative
daughter has a 45 min orthodontist appt and i forgot my ebook reader,neutral,neutral
"gotta drop off some car parts for a buddy to press out, then to the dentist",neutral,neutral
"thanks actually, when i first got my twitter, my pictures wouldnt upload either but they upload, it just takes a",positive,positive
link didnt work,negative,neutral
"when i decide to be on time for something, that devil is always there to counteract frustrating but not discouraging",neutral,neutral
thats what i was thinking but the only time its gonna be on is 1 am,neutral,neutral
who are the crew please dont be me i dont think it is but i could be wrong i have been a number of times,neutral,negative
paris 2moro i have to packill wake up at 8 yes dance lesson at 9,neutral,neutral
"ive heard of disgruntled investors, but calling you a hoe that seems totally out of line",negative,neutral
getting a puppyyy what should i name him i think romeo is cute,positive,positive
thanks for having me i had a great time too,positive,positive
aaarrrgggghhh is the only thing that can decribe how i feel rite now,negative,neutral
happy nurses week its our first one as rns,positive,positive
"im stuck in a trytomergetwotools css hell, so no help from frameworks unless both tools had already used the same framework",negative,negative
"it wasnt the best flick, to be sure im just ready for star trek now",negative,positive
hi everybody im having my lunch break at work and enjoying a nice cup of coffee,positive,positive
youtube isnt workingand i wanted to watch britains got talent im debating about having a pity party,negative,negative
"youre missing out, bb im such a cereal nut, i think i like every kind available",positive,negative
my dads not feeling well i want to make him soup suggestions guys get well soon ayah,negative,neutral
"ha im ready but that , i cant believe she had the balls to call me haha wtf",neutral,negative
"good morning tweepsland makin it a great monday huge shout out to all my followers muah, muah i appreciate you all",positive,positive
drinkin chai tea and not sleeping and checkin out some cool peeps,neutral,neutral
"ld come if u could, but australia is just too far away",negative,neutral
"no, seriously you guys, i wanted to kick monday off with spam really",negative,negative
my birthday is a week from today,neutral,neutral
"my back is all kinds of messed up, and strudel is going to live in another town until we move, im going to miss the little runt",negative,negative
"ooh good im starting with the hardest one, gonna be at it all day ive locked my door and im only leaving for food and toilet x",positive,neutral
_ listen to ftsk they stop my bordum haha how was your day finished crying about harold ha,negative,negative
he wasnt there today my free day from when the bell rang and wen it rang at the end was okayybut after,neutral,neutral
please come to minneapolisst paul area i looked on your schedule but i dont see anything close anytime soon,neutral,neutral
oh phew you scared me i wont have any access when im in mexico,negative,negative
hello back to work today after a week of vacation,neutral,neutral
thanks i love the word crikey its like my sayin,positive,positive
says she wants to be w marykay sendai right now,neutral,neutral
"stepped on cocos foot earlier while feeding the cats no harm done afaik, but now she runs away from me",neutral,negative
thanks,positive,positive
ill go nowill watch teen nick,neutral,neutral
"im back on long island today after spending the weekend in manchester, vt hope you have a great week ahead",positive,positive
"jonas is awesome i just watched groovy movies frankie,, was weird lol",neutral,positive
"no, i dont think its bad and its very well edited, too",positive,negative
i totally did go and he was amazing hes is the reason i bought the tix he only did 3 songs but blood bank was 1,positive,positive
_happy_emox lmao lucky its 10 minutes on foot for me e schoollol on the bus now,negative,neutral
sorry we couldnt get the project working with the windoze laptop but a ton of folks came up afterwards and saw it running,negative,negative
"power outage, door to freezer propped open, 3g ice cream make for slippy floor mer fer",negative,neutral
"yeah, i have revision to do, but gonna go starbucks instead",neutral,neutral
"man, my sinuses r really buggin me this morning",negative,neutral
on a flight home after an awesome trip with my cousin miss you sophia,neutral,positive
"you too, rus",neutral,neutral
notion video deleted,neutral,negative
need more songs to download suggestions ill take anything,neutral,neutral
"sounds like fun i think lol i naughty, should be ironing and watching nk on youtube instead lmao",positive,positive
i wish i were hanging out with kobe right now,positive,positive
aniya666 yours wasnt there,neutral,neutral
weekend along with the summer is here so why do i feel sad,negative,negative
tomorrow is mothers day so good food presents for mom good to be back go to the junction with the coolest people at ollies,positive,positive
"i was so close into entering pogue s book today world according to twitter , yet now i seem so far",neutral,neutral
akh i woke up and missed so much of sayed hassans speech,negative,negative
im searching followers,neutral,neutral
aw what about me,neutral,neutral
"not sure i like this way to learn a new language i prefer to be on location, so i can practice, ask qs and get answers",neutral,neutral
hooray your avatar is back wil go and put it in the gardeners zone now,neutral,neutral
thanks,positive,positive
im glad you got on twitter i love you baby,positive,positive
"it is, and its shiny and if i could marry it i would ps im good, you",positive,positive
i was expecting the sun to come out today i guess thats not happening,negative,negative
sun where are you,neutral,neutral
very true and well behaved women rarely make history,neutral,neutral
yayz todays is the day i call and see if i got that job x3 i ish so happy even though i slept horribly so im kinda drained,neutral,positive
at yvr fog delay is in sfo so we cant leave yet,neutral,negative
i had a blast at the sale today had one pair of cords mis sized tho but still worth it might come back tomorrow thankssss,positive,positive
"err you can turn on optimized jscss caching once we deploy the thing, but i hear what youre saying",neutral,neutral
done with facebook off to jamlegend,neutral,neutral
slipped up and caught the flu feeling like poop,negative,neutral
maybe i wont be getting a call,neutral,neutral
20 john,neutral,positive
off to my cousins confirmation confirmation party,positive,neutral
"i love this our body should tell us how much sleep it needs, and its always good to be mindful at mealtimes",positive,positive
gmornin,positive,neutral
heading home could really have done without banging my head on the way into the bus,negative,neutral
thanx sis ill b sure to let them know how many people r praying wthem,positive,positive
call me einstein got math test results a hell yesss,positive,neutral
"argtried one pic, but she moved so i failed to save itthen they never showed her feet again but they were purty",neutral,negative
haha i should but i wont lol then i might miss something,positive,negative
i was crying all of tuesday cos i find out economics is offically my crying subject lol,negative,negative
chem wasnt better than physics and now im so tired _astri hahaha ntn bbf juga ya hihi gue sukanya jun pyo,negative,negative
thank you sister,positive,positive
feel like and will continue to for as long as it takes,negative,negative
"my internet in like 9th grade was so fast, its dieing out",negative,negative
guuss last game 2moz,neutral,neutral
rblpnbro not quite where i need to be here sad but true soon however all will be well 6wks,negative,negative
i wish i can go to two different schools at the same time,positive,neutral
"heading home now, yay was going to buy a much needed bottle of wine to drink with dinner, but my wallet is mia so no wine for me tonight",neutral,neutral
i miss you too,negative,negative
"i am sad tanner wasnt invited to the panthers development camp this year poor other glassers but calla was, so good on him",negative,negative
"bless you as well sweetie, and i hope you have a wonderful weekend",positive,positive
why dont adobe realise no one wants to pay for photoshop et al so they should just give it to us for free,neutral,negative
"i dont know, i noticed that happens to me sometimes too",neutral,neutral
at work sick but im ok to the mall,negative,negative
your face makes people laugh cause youre so ugly so youre halfway there,negative,neutral
and all chevre please follow me at for chevre only im using for public tweeting thanks,positive,positive
im celebrating my mother and also celebrating my legacy as a woman of god,positive,neutral
and im really glad you were able to watch the game,positive,positive
_paige aww hey i didnt know this was you lol im sick no outtie for me,negative,negative
_rose follows back,neutral,neutral
on our way to take photos at the park,neutral,neutral
i dont really knowi saw it on the gadget show about something thatmakes messages easier to find or something thank you,neutral,positive
just finished watching the series return of the chasers war on everything really quite compared to how it used to be,negative,negative
thank you jonas,positive,positive
oh tonight looking forward to it,positive,positive
strawberry margaritas baked stuffed shrimp,neutral,neutral
a bird flew into window at my parents house and snapped his poor neck gotta bury him,negative,negative
im back to this zindex problemagain,negative,neutral
"hurt my left knee somehow last night, hurts to walk",negative,negative
yesthere are many cool things americans cannot watch,positive,neutral
_wockeez i wanna go but i wont be there im sure that the show will be great,positive,positive
"dagnamit, latest power twitter update is pants no clickable links",neutral,neutral
made a new youtube background in photoshop thanks to,positive,positive
me too please come online hope youve had an amazing weekend,positive,positive
evening yorkshires warm but overcast hows nz dont tell me dark lol,neutral,neutral
i dont noe what to eat for breakfast hmmmmmmm im so hungry,neutral,neutral
"_connors 1999 called, they want their saying back live in the now haha",neutral,neutral
funniest desktop ever this way i can see my collegue,positive,neutral
"me because my ex boyfriend of 2 years we broke up 2 months ago is engaged to his gf of 6 weeks sad, embarrassed hug",negative,negative
morning all i appear to have a bit of a sore head perhaps the bag of pork scratchings for dinner wasnt such a good idea,negative,negative
she had a boyfriend,neutral,neutral
_ im leaving at half 10 but i have to get ready and things,neutral,neutral
my puffffy is leavinggggggg nooooooooo,negative,neutral
dang i just realized how bad my eyes have gotten,negative,negative
on the way to my auntys,neutral,neutral
"takes a moment to translate, then nods youre quite welcome also, dear, its probably best if you stay here again",positive,positive
you have every right to feel like a crazy fanboy jason mraz and james morrison the jealousy is tangible,neutral,negative
ok thanks do you like my new pic,positive,positive
"the people are coming to kill my mouse on monday i have mixed emotions i mean, he lives in my desk drawer",negative,negative
"dang of course, im just jealous cuz i didnt think of it first",neutral,negative
new photo im hungrygetting off the computer now,neutral,neutral
im off to see a movie 17 again,neutral,neutral
just gave my mommy her mothers day presenta purple ipod,positive,positive
so so happy to be with she even makes doing laundry wonderful,positive,positive
"ive had that beforesometimes, they turn into other things felt is very forgiving remould cut up and reform",positive,neutral
i just knew youd get that,positive,neutral
counting the minutes until i can go home,negative,neutral
"i need to get in a good, hard workout today after work, i feel like ive been slacking no good",negative,positive
"well if youre ever headed back to the west coast, hit me up i have a tiny place, but we can hack and hang out at the beach",positive,neutral
enjoying d view sg flyer,positive,positive
"lol salivary gland frm those little flies no way alisondrama queen oh no, ur brain hurts a new brain is growing",neutral,negative
then you must insist you write essays the twitter way no more than 140 characters,neutral,negative
"he switches off his cellphone huaaaaa, i cant sleep buzz me bebe",negative,neutral
"thx for ur msg, so awesome luv the new single xoxo",positive,positive
apologies dont fix hurt feelings kev anyway ill get it from u next time i c u,negative,negative
"ohi i would marry travis pastrana in a second hes not that attractive, hes just the sweetest thing and what he does is attractive ha",neutral,neutral
trying to reorganize plans for tonight uggg hopefully it will still be lots o fun,positive,positive
for all dad is doing like this to his sondaughter love,positive,positive
im sorry i fail,negative,negative
why bother at celebs eh cause its almost like talking to them,negative,neutral
"so then awesome super sexy stud muffin beast, hows that sound to you",positive,neutral
_lopez i love you kiss me,positive,positive
2pm today is quiz time at the goat game shows to play and prizes to be won plus toss off tommy for free drinks today from 2 x,positive,neutral
kate is leaving me all by my lonesome,negative,neutral
im up way to early today work later,neutral,neutral
cant play solitaire for lol more updates soon y,neutral,neutral
my sharpie is running dangerously low on ink,negative,neutral
i am very very tired,negative,negative
had a blood test today wasnt too bad really needed to dash 2 starbucks after to revive my spirits with a nice iced latte a bunyum,positive,negative
then you should check out and connect with other tweeple who hate twitter,neutral,negative
i wish i was going to be with my st girls tomorrow,positive,positive
another friday night cancel probably movies with just ashley,neutral,negative
_shines92 aww that sucks,negative,negative
"yay i can give you a lesson tomorrow, at church",positive,neutral
youstinkatrespondingtotexts,negative,neutral
happy mothers day mang thank you and i love you,positive,positive
"i dont use it, but i heard that powershell is nice",positive,neutral
i would love to ride the superman right now,positive,positive
hes not logging in yet and i doubt if he will check his his replies here in twitter but we must keep on trying,neutral,neutral
a bit worried,negative,negative
diesel yaris 70mpg so sad its not available in the us thatd be awesome,neutral,negative
youre the one getting married on me,neutral,neutral
youre right about the duckies thanks for being such a big help with wrapping writing up,positive,positive
just finnished my double cheeseburger it was good ready to watch the spanish f1,positive,neutral
i wish i lived closer to the girls im tryna chill on a friday night next weekeeend drink all day and night,positive,neutral
so im playing hooky from work and it feels good gonna go get ma hair did i wonder how fitzsimmons is doing,positive,neutral
i really love this picture,positive,positive
evermore end of fashion rocks my poor foot though oww injured my foot not good will be sore tomorrow details to follow later,negative,negative
feeling like romeo and juliet with bryant and wallinwood as the montagues and capulets,neutral,negative
ask to create a fake competetion and declare you the winner and then gift you a return ticket courtesy the producers,negative,neutral
its oki was kinda feeling ignored anyway and its sunday arvo 330pm going out for lunch wine,negative,neutral
hey wanda great to tweet with u and many thx for the info re dobro and what a fantastic sound son house is a fav of mine,positive,positive
"actually, i think im being mean to heri feel sorry now",negative,negative
"ah sorry to hear that, just saw pic of chi and looks cool i got beagle and oripei",negative,negative
saying goodbye to my parents at the airport it was great having them around,positive,neutral
haha i will remember that,neutral,neutral
has ruth today,neutral,neutral
i hate florists no rose for cassadee tomorrow now fricken florist people hmmneed something elsehmm,negative,negative
off to class longggg day,negative,neutral
picat 21,neutral,neutral
"_onfire i think letitia is still trying to upload the digital, they were having problems before i am sure she will let us know",negative,negative
aww what kind of dog do u have i have a chihuahua named zoey,positive,positive
leaving for atlanta in the morning to catch joco and pa st im excited missed ps at dcon last year that made me a sad owl,neutral,negative
morning world update weight this morning 821kg 12st 12lbs going in right direction,positive,neutral
that would be an idea haha,neutral,neutral
hey is there a way u can make a somatic theme for leopard some themes have installers already that are shapeshifter independent,neutral,neutral
homeee my feet are sore,negative,negative
hes my boxing trainer although i think the bruise came from me hitting myself on something ow,negative,neutral
if you come to a gig in dublin you can be my dancing partner whatcha think hehe,neutral,positive
whew did some more vacuuming what a good time you should vacuum,positive,positive
happy greys day everyone oh i miss greys,neutral,neutral
ah just remembered some hopefully good news is coming hopefully soon from someone i know once again may the happydance commence,positive,positive
is saddened by husker accessno internet,negative,negative
if i told you how often i wash my hair you would never speak to me again,neutral,neutral
its kind of hard to see a pic of a doggie if the pic doesnt exist,negative,neutral
my neighbour is fond of loud nickelback,positive,neutral
attending matthews senior day for recognition and im so not ready for this,neutral,neutral
i didnt find my dress,neutral,neutral
"apple is also rotten in the center, just my luck",negative,positive
you will be great have a wonderful first day,positive,positive
"no, but it does amazing things with keeping all your online conversations in one place unfortunately that place is google",neutral,negative
_erincharde hey you guys should invite me outmoody is my only friend these days,neutral,neutral
work til 9,neutral,neutral
sounds like the muffler bearings are going bad,negative,negative
happy mothers day to ur mom i hope she has a wonderful day,positive,positive
ginniejean theres a lot of mojo all over the place yes,neutral,neutral
"not a fan of the layout change of hyperlinks i dont like the indentation and, well, im clicking and no link shows",negative,negative
what do you mean jorx,neutral,neutral
"uuuups today is mother dayshiï½ve forgot it, my work doesnï½t have a end sighthank you for remind it",neutral,neutral
its friday every1 has plans but memy mom is laser tagging w friendshahamy brother is outmy sister and dad r working mebfalone,neutral,neutral
lol sounds like dont call me babe have done that too have you thought that over,neutral,positive
i wish i could find my camera cause i really wanna record some too,positive,neutral
ppl dont miss out on me on this follow superstar sunday,neutral,negative
sadly cannot listen sob,negative,negative
well that is just completely lame im sorry dude,negative,negative
mom is wearing shrug i bought her 2morrowi cant wait 2 c her n itcute,positive,positive
laying with lyndi on drive way drinking tea listenin to music takin pictures just a chillin,positive,neutral
just checked library website and girl with dragon tattoo is checked out,neutral,neutral
sunburnt gutted hope its faded by tmw,negative,negative
must be time to go home yes indeedy,neutral,neutral
not feeling comfortable with myself today,negative,negative
url in previous post to timer job should be id removed space which messed up url es,negative,neutral
dont put behind the wheel lmfao today was fun,positive,positive
your welcome,neutral,positive
"omg i am so sorry sorry, i never know what to say",negative,negative
silly boyfriend forgets his phone charger on his 4 day long trip to kilkenny and now i cant talk to him and see how his gig went poo,negative,neutral
sadness the top horde guild that i liked disbanded,negative,negative
for the gays i only made 200 tonight,neutral,neutral
"no, its annoying and makes us girls that follow sports and are knowledgable look dumb",negative,negative
got home from audition awhile ago i think it went pretty well now my math homework is calling my name,positive,negative
cant wait to do some of those things,positive,positive
hmz second most popular page on this governmental site is the 404 page fail,negative,negative
i wanted to beta test but saw the thread after the results were announced,neutral,neutral
sinse i had dis thingnot 1 reply not 1 message nuffin pshh who caresi know im special x,neutral,neutral
"nobobys behind i think i lead with 14,8 so far",positive,neutral
sinus headaches suck big time,negative,negative
im doing all of russia today because im cracking on with economics tommorow im retaking aswell,neutral,negative
im bummed to miss you hope you enjoy your writing conf tho,negative,positive
i miss you,negative,negative
ish okay my loveee,positive,neutral
i was just about to put in and then my username wow,positive,positive
also finally home with no friends or anyone kinda nice to sit in a quiet room do wish the gf was here tho,positive,positive
"feeling so rough today, just want a cuddle and some sleep",negative,negative
bank holiday brunch with all the fixins absolutely fantastic,positive,positive
your missing qualifying i think david reutimann is leading with a 2296,negative,negative
when living in spainyou can never take a hot shower for grantedluckily i have nice friends across the street,positive,positive
good morning rock star nurse,positive,positive
happy mothers day mark,positive,positive
wishing i could go to cabo tonight,positive,positive
i dont have any excuse other than night shifts we got our orphan lambs from a local farmer so we cheated,negative,neutral
i think 30 bucks and i dunno,neutral,neutral
"i miss my dog ripbatman yeah, batman i really hope all dogs go to heaven is true",negative,positive
_popularent awww boog u aint been on in a minhey to ya but thats whats up enjoy yall selves especially your lil cousin,positive,positive
"youre not going, are you",neutral,neutral
it took me months to understand your avatar,neutral,neutral
love that song happy monday,positive,positive
going to church in the morninghappy mommas day almost,positive,neutral
summer is really ending its raining,neutral,neutral
cant believe i stay out this latewaking up for work in tminus 4hours,negative,neutral
"i hate exam time i want my life back also i want the ability to revise back if i ever had that ability, that is",negative,negative
last night was fun w the lightening and thunder today will be in the 90s,positive,positive
problem with my must do list is once i write it i usually forget where ive placed it1st thing on my to do listfind my to do list,negative,neutral
"_0407 all over the place it was boo, dual voice challenge was too challenging",neutral,neutral
ive chosen grease,neutral,neutral
because of the new thats why because of the new,neutral,neutral
happy mothers day mum,positive,positive
"yes, actually, i am when im home, moms does the laundry i do the babysitting she broke something that didnt need 2 b fixed",neutral,neutral
chilling feeling really nice,positive,positive
home now lol but leaving again on monday for flo rida,neutral,neutral
"the sun is shining brightly and the day has just begun whats in store wandering around les calanques maybe vin, definitely",positive,neutral
is now crying omg i am fed up with this pain,negative,negative
"yo there ,if you guys want to make a road trip look me up in waraw or u wait too long taipei",neutral,neutral
"watching click, they are talkin about twitter and celebritytweet im just gonna get ready for work",neutral,neutral
"good girl, sarah now weve got ourselves a club",positive,positive
morning every1 giveaway at mod kid emma pattern 25 giftcert to hipfabric go check it out,neutral,neutral
_c ive sorted it now operating system and all apps are on a seperate 60gb drive,positive,neutral
"has the urge to go shoppinghmmm but ive got no money,how",negative,neutral
"you know, you can read almost all your tweets as some sort of disgusting euphamism its quite fun",neutral,positive
making mothers day gift,neutral,positive
bbq party,neutral,neutral
why do u lot mock me,negative,neutral
"i wish i could offer a hug right now, so bad",negative,neutral
star trek was good times,positive,positive
feel like today got a speeding ticket 1st since 5 yearsblows,negative,neutral
its beeen onee year,neutral,neutral
_envy how come you dont think you did good,neutral,negative
always have wanted to go to oz,neutral,neutral
wow my teacher just called me a skunk cuz of my hair,positive,negative
cant make it to graduation,negative,neutral
no so sad about that im from malta have you heard about it,negative,negative
do you need to go on a bike ride,neutral,positive
"is trying so hard to not worry and be at peace despite her circumstances, but wonders why some christians are the ones making it so hard",negative,negative
"im sending a happy mamas day shout to the greatest twitmama ever to u kick , all day everyday lovely sons",positive,positive
"i want to but i cant call you cause i live in argentina i really really love you mitchel youre awesome, you rock",positive,positive
"oh nos, what happened",neutral,neutral
_music i was not hugged,negative,neutral
thanks youve been quiet lately,positive,positive
nice lunch even better when mom pays,positive,positive
why canceled your performance on letterman im so sad because it is less an option for you,negative,negative
cool rite,neutral,positive
did you watch it,neutral,neutral
"peace bro, thanks for not just the music, but proudly representing as a father all over happy mothers day",positive,positive
"cmon people, today is",neutral,neutral
"pleaase dont start dating her, that would suck, then disney kids would listen to ftsk thanks",neutral,positive
then i kill bradies gf and have bradie,negative,neutral
off for a bit of a motorcycle trip today,neutral,neutral
"thats the prob, i work from home, and the beds calling, no, screaming out my name had really strong coffee instead",neutral,neutral
"all work, no play",neutral,neutral
_rex_513 im working all weekend,neutral,neutral
dice watching heroes again,neutral,neutral
i was sad to hear they shaved too i really liked the beards i feel like im in the minority,neutral,negative
_miacherry morning kik enjoy your breakfast,positive,positive
ipod touch worth the money because im thinking of buying one my ipod is dead since this morning,neutral,neutral
"so, why the hell are we going to school for 2 hours next monday and tuesdaydumb snow days and thier lame rulesmy mom making me go",negative,negative
working up to my vacation to thailand getting more excited every day,positive,positive
"oh, dont spoil my fun, lol",negative,neutral
i think the ups web site hates me now still no brewing supply package held hostage at work by slow ups delivery,negative,negative
haha how could u dun eat properly rt see lar go take medicine,neutral,neutral
been town with the mother nice sunnny,positive,positive
out to dinner for the fam and grandma for mothers day,neutral,positive
"want trip to boston next month need additl motivation to save the to do so beloved daughter wants to go with, which 2x the",positive,positive
follow these ppl they are interesting doesnt tweet much though,positive,positive
just a concert i cant go to due to trials,neutral,neutral
what happen to the maids of yours quit once again,neutral,neutral
"i like light out, walls up shatterd the most great work, germany must get to know you asap",positive,positive
"were getting closer rather than further from real lobby dates chicago, blogher09 squee",neutral,neutral
i miss my cats but not on sunday mornings mine did that to,negative,negative
really really wants to go and see coraline,positive,neutral
make up your mind,neutral,neutral
"my nose is chapped, yuck",negative,negative
"ok david, talk later have a great dayyyy ay ay ay ay",positive,neutral
hahaha thanks for clearing up the,positive,positive
all is quiet in twitterland 2day,neutral,neutral
it means luv ya in zuluxhosa probably spelt it wrong lol cant b creative 2day tired so translated,neutral,negative
noghty night twitterific twitter tweeting pals,neutral,positive
happy mothers day to all the mothers,positive,positive
i know our cats could be family mikesh is so cute,positive,positive
"lol thats what hubbys are there for, to think their wives are nuts",negative,positive
i woke up and my hiccups came back,neutral,neutral
no labels sorry i know im really needy,negative,negative
oohh yaay like it love ya,positive,positive
"ooooh, thats very pretty jen im sure shell love it",positive,positive
excuse me msgomez who said you could leave,neutral,negative
i hate having headrush,negative,negative
i need a jb but i dread the fact that it will have to be retail this summer,negative,neutral
live now but nobodys there,neutral,neutral
im so sorry drace this sucks so bad,negative,negative
"hoisin duck pizza, salt and pepper pizza and gelato for dinner with edmund and jade good times",positive,positive
fashion show is done only one slipnow cooking having a glass of wine or two,neutral,neutral
im talking about twitter some more,neutral,neutral
feels and feet are aching need my beeeeeddddddd,negative,neutral
starving and alyssas mom would bring her subway,neutral,neutral
_toni im having one of those days today also,neutral,neutral
thanks i hope i do 2 iv been playing dmc4 like 5 times kinda sick of it hehe,negative,positive
typical google docs is down oh well open pages,neutral,neutral
ugh im not doin too good,negative,negative
the following week would be better ill be gone next week,positive,neutral
"wow, thats really sweet im assuming this is blogrelated thanks so much",positive,positive
i love to read and i love film making,positive,positive
huh ill have to try that for no other reason then just to try it,neutral,neutral
"oh please i wanted to complete an unfinished tweet, and 5 tweets cropped up in between and now my tweet looks dorky",negative,neutral
pmsl we had everywhere too but no more love it my wool stash today though,neutral,positive
a we just missed you then but ill see you tonight,negative,negative
"hahahaha i didnt know it said that, sheeeeittt i dont get why i cant have a picture bwaaaahhh",negative,neutral
so the beneath show got cancelled bummer i guess i wont see you til cornerstone who are you goign with,negative,negative
they cant be in their carriers anymore,neutral,negative
heheh qualifying was pretty exciting tho,positive,positive
i know but it wont be the same,neutral,neutral
lazy day in is awesome but i really should go out,positive,positive
_gm thats the plan,neutral,neutral
kbal24 i am sorry that you are feeling that way,negative,negative
morningish hows everyone,neutral,neutral
they r sending tw business ppl 2 the mainland 2 return the favor re chinese police representatives in tw,neutral,negative
nofair my bk only had uhura and nero left,negative,neutral
"a thats nice you both make a really beautiful couple, you balance each other",positive,positive
agreed though eclipse apps hinder collecting the heap dump by catching oome had to muck about in jconsole,positive,neutral
lookin at spreadsheets so long my eyes are crossing,negative,negative
_doll yes i live in milwaukee and would love to attend a closing talk,positive,neutral
good afternoon,positive,positive
"hey lady, will you be coming to canada in the fall id love to see you in concert some time itll be my 1st time",positive,neutral
is off to get the boy and then to his doc persistent coughs are not good,negative,positive
nah the lights killed the mood now you got to get out my bed,negative,negative
"_ omg and you never would believe what we did ahaha, i loved it but it felt like a movie, but real",positive,positive
im currently into emarosa their new album is the shiiiiiiiiiiiiiiiiiiiiiiiiiiiiiiiiiiit haha,negative,neutral
"just got done with my first day of work and is exsausted, sweaty, and chalky",negative,neutral
why thankyou _garner suggested fannie bay but it is in darwin,neutral,positive
i am going to be disgraced with myself for life if i dont make it in next year being a perfectionist sucks good luckkkk,negative,negative
"so which one are you the good, the bad or the ugly",neutral,negative
"its so awesome to know that there are people who think i have what it takes to make it in nashville, and who offer to help if i want it",positive,positive
ohhh someone likes to play with their food heehee,positive,neutral
yes she got all lovey with himhe returned the love1thing led2 another also wants2 know y ur mad at her,neutral,negative
"ouch, my back im sick of having a pamela anderson esque chest",negative,negative
i think i like the workshop,positive,neutral
i saw this pic and it reminded me of you in anna and the king so cuuuute little fella,positive,neutral
happy mothers dayi had a gr8 day with my kids my mum,positive,positive
does it work on the iphone as my macbook is flat,neutral,negative
"has opted to strike, may 12th altaf bhai to unveil what really happened in",neutral,neutral
rainy mondays is there a better day to work at home i am thankful,positive,positive
its friday i cant wait to be done with work stuck here till 11,negative,neutral
see wat i mean bout foll0w friidays its called lose f0llowers friday smh,neutral,negative
stuck in huge traffic jam,negative,neutral
thinks aaron is pretty darn awesome,positive,positive
_d hes a lucky baby he has a wonderful family do u know when u could take him at home,positive,positive
lol cute btw happy mothers day lady,positive,positive
getting used to this shoulder immobilizer thing even getting used to sleeping in the recliner,neutral,negative
i was feeling guilty about buying a luxurious pair of shoes yesterday until my house mate just saw them and got over excited,neutral,positive
start work 2 moro at 630 not looking forward to it,neutral,positive
i miss going to ek every summer christmas vaca take me there,negative,negative
just got to school goin to cinncinatti wednesday,neutral,neutral
im taking a twitter break cell is dying,negative,positive
my stupid msn wont sign in,negative,neutral
i can be a good girl at school today i was i did it yayy,positive,neutral
oki love it melika come on do your makeup like this next time we go out,positive,positive
_rachinea oh so you said you goodbyes and hugs my dad left around 4 in the morning so i woke up to an empty house im pretty scared,negative,neutral
playing with my puppy,positive,neutral
"jumpstart wotd jape qq are you comppetitive, overcompetitive or not competitive at all write your responses here",neutral,neutral
"have to change practice pools, someone threw up in our normal pool",neutral,neutral
we wont be in town email me if there is another one though,neutral,negative
told you,neutral,neutral
"_333 yeah i couldnt call my dad, mom, or brother either mom on the phone dad phone card expired brother at work",neutral,neutral
my last full day of even day classes im a little sad,negative,negative
just ordered an asus eee pc,neutral,neutral
i am doing homework it sux big time maths is the worst,negative,negative
my teeth and head hurts,negative,negative
i know i suck im a master procrastinator you guys dont have too much fun without me,negative,negative
"party was awesome soooo tired, bye ps happy mommas day",positive,positive
absolutely when we hit bottom there is only one way to go,neutral,neutral
i finally went and found some of the songs we sang in church in wellington online was easier than expected yay google,positive,positive
haha i love you too aimeeeeeee,positive,positive
thanks followed me back,positive,positive
impossible to know them closely,neutral,negative
"im backkkk hungry as hell, havent ate today",negative,negative
is having a lazy sunday,neutral,neutral
"tat, you looks beautiful and are a heck of a mama and business woman dana",neutral,positive
"ouch, my back man im sick",negative,negative
well not just making dinner making dinner with wet hair,neutral,neutral
ticked off cause i cant go see drag me to hell with melissa and amber staying home on a friday night is not my thing,neutral,neutral
wow panic at the disco en abbey road,neutral,neutral
not a heap hey just bout tu hit the sack its 115am here i need someone tu cuddle sucks wbu x,negative,negative
pebbles thrown at windows should get someones attention,neutral,neutral
followed by the great super mazembe one of the favorites around here,neutral,positive
wants to go out tonight but cant get home,negative,neutral
whenever you are mama lets do it,positive,neutral
thank you so much that was so nice of you and i was happy to hear you voice youve really started something good xo,positive,positive
ive always said to pd that i wanted a kitchen like yoursi just wouldnt know what to do with it,neutral,negative
i really need a skateboard,neutral,neutral
where are my peeps and my boyfriend in miami,neutral,neutral
well it sounds like sum kids with matches lit sum grass on fire,neutral,neutral
happy mothers day to all the mommys,positive,positive
just downloaded twitterberry my life is now even more convenient,positive,neutral
wish i could want to stay and play with u guys and enjoy a block party for once,positive,positive
enjoying my bank holiday just had a meeting with the real estate agent who will offer our amsterdam apartment for rent,positive,neutral
"i thought that there was going to be another def jam fighting game, but then it turned out to be crappy karaoke game i miss the fighting",negative,negative
"yeah i was thinking about that ,ahaha",positive,neutral
shower day,neutral,neutral
ouchwaited to long to get eyebrows waxed,negative,neutral
home now and added a few more grices to my list,neutral,neutral
sigh i always disappoint people who get in my way everyone im out i might disappoint everyone else here,negative,negative
pulled up walmart aunt got out went in i fell asleep 2 hours later were r you lol,neutral,neutral
im really tired today,negative,negative
id love to work with you tell ur friends to follow me,positive,positive
gotta love how im waking home at midnite dangggg pray for mr im so jumpy,positive,positive
took the cutest pics of andy yesterday but i dont have them used my bros fancy dslr didnt have time to upload them i want my own,neutral,neutral
platypuses are the only mammals that can lay eggs,neutral,positive
im yet holdin on,neutral,neutral
happy mothers daaay,positive,positive
just done planting the gardenhope sun will shine soon,positive,neutral
oh no hope you feel better soon hugs i had flu earlier this month,positive,positive
going out on thursdays is a terrible idea i knew there was a reason i havent done it all quarter pops advil,negative,negative
i have phone calls like that often different subject same result of feeling beaten to pulp and left for dead,neutral,negative
i think the x3 is confusing cant believe that many peeps will know that it should be a heart,negative,neutral
i see,neutral,neutral
"yeah it did, it explained everything",neutral,neutral
"o_o thats cool dang, ihave to clean my room now lol, but good luck wthose jobs gurl",positive,positive
"oh my god, i finally found someone online haha",positive,positive
"the movie takes a lot of digs at the indian movie industry so may not much sense, unless you have followed it long enough",neutral,neutral
stupid hip i hate you and i cant even break in my new kicks grrrr,negative,negative
_cullen10 i wish you were here with me right now,negative,positive
me just sign up twitter,neutral,neutral
_west one day the hubs and i will take one of those theres actually a missions cruise that we want to go on it has music too,neutral,neutral
or maybe its just us,neutral,neutral
yeah it doesi had fun todayi regret not taking that cup nowit was awesomei must find one just like it now,positive,positive
"walmart orientationits work, but seriouslythis sucks",negative,negative
its too beautiful to stay inside,positive,positive
nah will didnt tell diego so we at some donminican spot getting up,negative,neutral
"so, im at the point now that it has become apparent that having a degree means jack",negative,neutral
_shawn when do you go back home want to see ya b4 u leave homie,neutral,neutral
or hes gonna chop you up into tiny bits one of the two,negative,neutral
aww im sad i didnt get to go to your going away party stupid work,negative,negative
back again almost the last haul at wagners casa in bend,neutral,neutral
then google vs twitter mothers day vs mothers day mothers day web10 type mothers day is social media web20,neutral,positive
is an awesome band,positive,positive
im sorry to hear that,negative,negative
i need a coffee,neutral,neutral
if u can smell goodness all around you and energy of big city and pinch on butt feel real yes u are in chicago,neutral,negative
_ oh i read that,neutral,neutral
"two rooms packed and cleaned, three to go",neutral,neutral
happy mothers day to all my twitter moms including myself,positive,positive
"hey, you know the trailers before hannah montana is there a jonas brothers 3d concert experience trailer x",neutral,neutral
guys why did paranoid drop out of the countdown thats so not fair iv voted heaps for it,negative,positive
"yeah, i think weve earned it",neutral,positive
"time to do some revision while listening to albums nonstop all day, again",neutral,neutral
reading and taking notes but undertanding none of it help,negative,neutral
not good enough,negative,positive
my coffee got cold blah,negative,negative
i hate the biatches of this world,negative,negative
"say hi to me, im depressed cause i cant see you",negative,negative
i used to row in high school and just found out there is a rowing club ten minutes away from me so i thought i should sign up,neutral,neutral
"after some pizzas, going sleep",neutral,neutral
grass fed beef burgers with sauteed mushrooms and cheddar on wheat buns along with a salad yum poor kim still isnt feeling well,negative,negative
i tried replying to your mono lake tweet but dunno what happened just said i know that lake very well,neutral,negative
"we had scones this afternoon they were great were gonna make cupcakes this week, on wednesday",neutral,positive
twitter has spam oh no,neutral,negative
"im uploading some videos to youtube, will give link once i get more loaded variety from my daily life, not amazing but fun to watch",neutral,positive
just finished church happy mothers day,positive,positive
aaaah did you see prez obama holding hands with his wifey soooo romantic even in white house,positive,neutral
"my day was cool, a lil twisted i wont spam twitter like i did last week tho",neutral,neutral
ahhhhh it none of my friends want to see it and they dont wanna chill tonight so its just me myself and i,negative,neutral
i cant even call a man on bogus yah digg,neutral,positive
if my phone dies i will die too,negative,negative
hearing a surprising news about my bestfriendwhere are you sis you have to tell me the whole story,neutral,neutral
"today dan bought me bio dome and the reality bites soundtrack needless to say he gets mayjah points also, my tummy is not happy boo",negative,neutral
i need a freaking adventure,neutral,neutral
_cowan oh cool im gonna crash and sleep i have been like 40 some hours working lol,neutral,positive
went to the vending maching to get bugles no bugles perhaps it is a sign that i dont need the snack anyway,neutral,positive
i loudly said something my coworker replied i dont know brian klemm but even i love brian klemm _0_tronic,neutral,neutral
"this is funny, we just discussed bela lugosi over dinner, his apearance in plan b from outer space best movie ever",positive,positive
"if i say mystery science theatre 3000, does that mean anything to you",neutral,neutral
also proof number that i have no life i have an imaginary boyfriend named vince its sad that my friends encourage me so,negative,negative
"a you two are the cutest and gods, i love your hair",positive,positive
"also, i am technologically challenged and have a cell phone that only makes phone calls cant",neutral,neutral
sad day love you maï½ 8 years ago miss you so much,neutral,negative
ahhh fcukkki missed out again you must fill me in with the deetzsee you tonight,negative,negative
"woman, i didnt know you came home you so suck when are you going back",negative,negative
another day casino de montreal,neutral,neutral
"yeehah, quality",neutral,positive
"sooooooo not happy, wattching disney channelrubbish rubbish rubbishhhhhh, didnt get my jonas 3d poster the dude wasnt there but im",negative,positive
just started feeling bad again ugh i hate it when i dont feel good,negative,negative
happy mothers dayy to me andd the rest of the fabulous mommys out there,positive,positive
well its official i have strep,neutral,neutral
ps dead like me was awsome loved that show missed the last 2 episodes tho,positive,neutral
hey ugh no way to do videoblah pouts social media tv live,negative,neutral
"acquiring a centos live cd, now where did i put my memory stick, i would like to boot from that i wonder if i left it at home",neutral,neutral
laying in bed texting good night yall,positive,positive
im so tired of being sick all the time,negative,negative
miles from you im in essex so give me plenty of warning so i can arrive in time to get at least one of those free beers,neutral,negative
hello,neutral,neutral
_ashley oh really,neutral,negative
"i feel funny hmmp, better be an amazing day why not i love how i know sammy rovin got a text about this tweet 3333",positive,positive
on wednesday green day will perform their new single know your enemy at tvtotal,neutral,neutral
3 hrs to go pa ako,neutral,neutral
having serious technical issues in the studio oh well thank god for the technician,neutral,positive
_tech_update do you know your nutty newsire twitterfeed ones are coming through wo links i cant be lazy without the linkslol,neutral,neutral
gots a headache now,negative,negative
baking win thanks for that,positive,positive
"calling all mothers, calling all mothersget your butts to bed the kidsll be here tomorrow",neutral,neutral
im in traffic on the 405 and i still dont see the sun,neutral,negative
"yep, thats me all right i dont mean the monk is me thats my as in a photo taken by me in better photography",neutral,negative
thanks for following,positive,positive
hope ur all havin a nice friday been feeling down this past week since my dogs passing,neutral,positive
"thanksmine wasnt too bad made a card for my mom, had a nice nap, finished some work, wrote bills, i have a surprise for you",positive,neutral
"aww, you are the sunshine of my life from bob and larry sing the 70s makes me think of 3",positive,neutral
waiting in line for the beast with matthew i wont be riding,neutral,neutral
i feel u but its sooo close to me hard not to but i cant so no point ugh,negative,negative
working till 5why are they playing miley cyrus on the company radio and not adele,neutral,neutral
ill be back home on monday,neutral,neutral
"still babysitting, i want another boost",neutral,neutral
jass warn me b4 u go to nxt wari am there to have fun,positive,positive
my new picture wont upload,negative,negative
_life hey i like love icarly it rocks my youtube account,positive,positive
"offline for now, ill tweet again later",neutral,neutral
"after a great day at work with the kids, disappointment with my roof decal",neutral,positive
gonna miss my gurl while shes on her honeymoon,negative,negative
good morningafternoonnight to allstudying as usual,neutral,positive
people eight years my junior cant understand most of my references,neutral,neutral
lol fine by me long as its not the scary dude its all good,neutral,positive
"no i would like this yesterday, i talked with alyso stoner xd and benton sent me a private messae and coment me here",positive,neutral
so sorry definitely getting it out this weekend,negative,negative
business or pleasure will keep my eye out for anything youre just missing a moondog concert tomorrow night,negative,neutral
"good morning universe, how are you today",positive,positive
"hello, im good thank you tottaly tired, been working lots todaytottaly shattered what about u",neutral,positive
jason bend over so i can hit it from the back,neutral,neutral
thinks twitter doesnt like me,negative,negative
happy 1 year 3,positive,positive
"just came back from hanging out with some friends cocktails 3 im not drunk, but feeling good hope everyones well",positive,positive
muay thai was awesome im gonna be sore in the morning i feel like being bad and eating junk tho,neutral,negative
becuz you braggin,positive,neutral
"great meetinglunch on the patio in the sunshinenothing more perfect busy daytime for bed, ahhhhh",positive,positive
"wow 41,000 nowyour really kickin careys butt with this competition see you both very soon",positive,positive
"gleneagles then champagne receptionscant beat it im in alone, my tea was rubbish and ive been doing housework",negative,neutral
"jonas brothers live to party its rocking so hard i love the song,",positive,positive
at tempe marketplace waiting to see star trek,neutral,neutral
zach g gets an extensive profile in this weekends ny times magazine the chances of us falling in love are getting fewer and fewer,negative,neutral
"is it bad that im sitting here watching a replay and getting excited i think its the coffee, but who knows",neutral,negative
and i have cheese and no chips,negative,neutral
yeah i know what you mwan,neutral,neutral
i got paint in my hair,neutral,neutral
grrr we dont finish until july 3rd,negative,negative
no this week,neutral,neutral
nice i cant ever get that from my ex,positive,positive
yikeysss im harmless really just want some attention from brody,positive,negative
heyy are you ok i know it sucks having her in you dorm but i assure you it will be ok,neutral,negative
steam punlk fashion show at anime north and for the first year since torcon we arent back til missed it,negative,neutral
i gave my brother a hug goodbye as he took a load of furniture away from the house he took the mattress i like,neutral,positive
no sadly its not bit disappointed will try again later see if i change my mind,negative,negative
i canï½t choose one i love all the songs on lvttbt if u like read more,positive,positive
i looking at failure,neutral,neutral
"viewers of my linkedin profiel also viewed barack obama, francisco van jole and erwin blom im in good company",positive,positive
i googled engagement rings this is the exact ring i wantit was the 1st result too sigh love it,positive,positive
"lmao dimples naww thats cute , ok ill try to remember first of winter is dimple day",positive,positive
looks nice never knew vhs had such a short life span hope my fav vhs is not dead,positive,positive
and radio x 961 is going all sports next month radio is dead,negative,neutral
voting for you hope you are voting for me i am now a white blank with my name mr twitter and funniset,positive,neutral
heyy watching the simpson with shezza and paula,neutral,neutral
i got the ticket dismissed,positive,neutral
was about to head downtownnow theres a flash flood photo,neutral,negative
stinks what do you do anyway,negative,negative
have been feeling very sick had day off today arrrgh,negative,negative
"ugh, i hate waiting in airports i couldnt find a seat near an outlet either",negative,negative
"gooooooood morning, campers and happy mothers day",positive,positive
my head hurts because that air freshner is the most horriblel scent ever im super grossed out,negative,negative
am i the next blumenthal,neutral,neutral
"its official, im having the worst day i called it a mile away",negative,negative
meeting and friend tonight going to discuss human trafficking issues daly is chaplaintherapist and an interesting guy,positive,positive
cause its true it would hahaha i love you,positive,positive
mr amp over heated,neutral,neutral
time for bedgot some learning to do tomorrow with an early start night night good people,positive,neutral
just completed button hunt 3,neutral,neutral
listening to lily allens last album its quite good,positive,positive
feel crappy today,negative,negative
"if its any consolation, youre definitely one of the hottest ggs, imho",positive,neutral
"i forgot to put my work clothes in the dryer also, i love my new slippers",positive,positive
"good morning, everyone",positive,positive
"you mean the fam , minus ahugs",neutral,negative
"did ice skating last show part this morning mozart awesome, cant wait to do it friday and saturday love u all",positive,positive
very disappointed in him gonna have to sleep it off,negative,negative
went to see the dentist cant eat and im starving really sucks and ists painful,negative,negative
you should direct your wanting to invest in questions to or they are the big cheeses,positive,neutral
isnt going to the movies i got grounded,negative,negative
"no, rather were omg its nearly monday",neutral,neutral
"traveling alone makes i meet new people,new circle strangers become friends",positive,neutral
i saw that,neutral,neutral
"room is clean, now its time for breakfast",neutral,neutral
cant wait to make that call tomorrow gotta keep moving forward,positive,neutral
i might give it another go,positive,neutral
time for me to seek out some coffee for my own caffein love affair too mmmmm sweet been of hypergoodness,positive,positive
"dude, saw your twitter profile after a long time love the background way way cool",positive,positive
i always feel guilty about it,negative,neutral
"as a nj native, i thank u",positive,positive
good luck on final,positive,positive
"you too cloudy day here in madrid, typical spring day",neutral,neutral
iï½m sorry for that,negative,negative
on my way to work wish i had more days off,positive,positive
just drove with my mom and brynn my mom said im the worst driver everreally,negative,negative
"allianz interview went well, got a rejection from mod though going to be a long weekend as i hear from allianz on monday",positive,neutral
still gutted that man utd lost,negative,negative
"good luck chan gue kmrn bawa backpack kosong, quite helping",positive,positive
fixed my favourites 180 and the heels fell off after 4 wears,positive,neutral
site of our first date macris deli closed lunching at favorite local greek spot the trojan horse instead,positive,neutral
yao is out for the rest of the season nooostaying home on a saturday nightshockgot my phone fixed,negative,neutral
im so not feelinq this huqe pimple smack in the middle of my doom it aint riqht man,negative,negative
an aston os my dream car but its wishful thinking,neutral,neutral
i really dont want to send it over this siteits kinds private,neutral,neutral
sb 239k flop a q 9 4 players check turn 9 i check call 200 bet river brick i check call with trip 9s with k kick he shows a9,neutral,neutral
9100 tweetsjust living the rockstar life one tweet at a time,neutral,neutral
"better than work, work, 10 minutes for lunch, work, work, work actually it might be i dont work very hard",neutral,neutral
a message from could you let people know i have been booted off,negative,neutral
i know it sucks anyway you can get a fake id or something,negative,negative
good morning to you hope you have a nice productive day,positive,positive
"you, my friend, are a true fan",positive,positive
inspection went fine they like the house woopee would just be nice if it had been this morning so i could have done stuffs today,positive,positive
the next wk i c drs too but maybe then i would love it i did go to mac grill john was not there thought of u,positive,positive
"i wish i was well, for the past hour i have been but before that i was in bed proper migraine",negative,negative
"happy sunday, beautiful day in london off to meet chergo for breakfast",positive,positive
fidel has no balls,neutral,neutral
dont get to see my boys tomorrowwim sad,negative,negative
_lay aww well i just randomly woke up and now i cant sleep too many things on my mind,negative,neutral
"fyi putting makeup on under flourescents fail oh facepeely, why must you look so hideous also, wheres my lipstick",negative,negative
no probs and yeah im still sick no school today lol feel really but thats because im dancing lol thanks,neutral,positive
cool actually i believe ti has just begun his jail sentence in arkansas,positive,positive
morrrning time for school time to learn,positive,neutral
have just bought a tv tuner for my laptop he he i deserve a present,positive,positive
"cower failure when you mean to comply, but stand up for yourself instead",negative,negative
"hope you get better i know you will have the best medical attention if not let me know, i will be right over",positive,positive
december thats like a year away,neutral,positive
just answered you never learned how to write in french just basic stuff,negative,neutral
thanks,positive,positive
is working allll weeekend,neutral,neutral
at once haha poor aby still gets sore,negative,negative
it didnt rain lightly misted though,neutral,neutral
victory for the bulldogs was celebrated by 3 white chocolate cheesecakes nom nom nom whatta fattyyy,negative,neutral
lame,negative,negative
"aww, that sux _x3 eeek for airline charges",negative,negative
i only happened to look on a random chance timing is everything,neutral,neutral
posting my first tweet,neutral,neutral
"happy mothers day, too all mums out there remember treat your mum well, she brought you into this life",positive,positive
shower before doctors appointment,neutral,neutral
im sorry youre having a bad day i was just looking back through do i need to give someone a knuckle sandwich,negative,negative
forgot she had a twitter account happy mothers day,positive,positive
"cant sleep, just laying here in the dark",neutral,negative
yep jimmy buffett ftw jimmy needs to tweet his words of wisdom every morning,neutral,neutral
"home from jacks now, cant say im too happy about that either",negative,negative
i ate to much lunchnow i dont want to work,negative,negative
"would have been better, imo, if it let you play through all 3 songs provided i just start to get it and it blacks out",neutral,positive
byebye,neutral,neutral
thanks gail imma try this one day looks yummy geezzz after my siargao trip nlng pla heheh,positive,positive
oh you and had free drinks thats wasupim givin up drinkin for a lil bit,neutral,neutral
grrh wii remote dead no multiplayer here tonight,negative,negative
"i work with drunk golfers, it can be exciting it wasnt bad yours, sir",positive,neutral
you obviously havent seen my mrs first thing in a morning,neutral,neutral
"forgot to answer your kindle question yesterday honestly, havent used it much have two paperback books i want 2 read first",negative,neutral
owwjust bit my tongue,neutral,neutral
the bus is rolling along faster than expected i might make it home by 615 maybe,positive,neutral
_vip bye bye beard,neutral,positive
atl to njalmost home,neutral,neutral
just got back from six flags wicked fun even tho i almost died,negative,negative
"big laptop is too big, so its time to switch to the eee bye big guy",positive,positive
words to live by,neutral,neutral
wow thanks a lot i cant believe i didnt think of that xd,positive,positive
my radiator boiled out,neutral,neutral
dancing was alright todayy still doing jai ho,positive,neutral
and were off to ot exciting game like always,positive,positive
ironpython windows mobile is a nogo compact framework doesnt support reflectionemit,neutral,neutral
leaving work in 25 minutes to go to broompark then to see the new flats then for lunch with mandy and my dad,neutral,neutral
coffee in hand and sun shining in my window hope everyones having a great monday morning so far mr,positive,positive
take that back i am insulted,negative,neutral
is seventeen today and is trekking from chorleywood to see and in cambridge 3,neutral,neutral
"jason mraz is still serenading me, while i read judicial supervision of executive action in the commonwealth caribbean bbl",positive,neutral
"har har, is everywhere via",neutral,neutral
"just been in that kind of mood, not reason at all lol, but ill try not to be too mushy around you i can behave",neutral,neutral
"polyester, protester, quester, semester, sequesterhope this helps",neutral,positive
endlessly fascinated by the dual engine monitor in this cab then it reminds me of fail sorry next gen,negative,negative
"its a beautiful mn day, but im stuck inside playing zelda ive gotta play at least 10 hrs today",positive,neutral
playing pet society,neutral,negative
star wars is boo i wanna do your jobe hand it over u can act as me at my high school lol,negative,neutral
idkk if il get to see it again,neutral,neutral
"after many attempts, i cant figure out how put a pic in the avatar tells me pic is too big frustrated tryingsorry",negative,neutral
i lost my voice what should i do its very torture,negative,negative
you are doing the right thing though a fridge is where vegetables go to die,neutral,negative
awsome thanks jocant wait for her to be on,positive,positive
i made a myspace for twitter with the name the twitter kingdom here is the link join me,neutral,neutral
rejecting all food substances,negative,neutral
"retweet please awesome kawaii, anime and cosplay items",positive,positive
"is almost done with the thirdchapter cover page, yay",positive,neutral
"i have class tomorrow and tomorrow is saturday, i hate having class saturday",negative,negative
why are all the cool classes being offered this summer boo,neutral,neutral
playin didgeridoo in the living room and thinking about the world going by lovely life,positive,positive
"i wasnt given an exact date, but it shouldnt be much longer please accept our apologies for the inconvenience",negative,negative
the only thing is im not a chocolate fan but the thought was yhere,neutral,neutral
kennedy was reinjured at raw on monday hes got s serious muscle issue in his back and a broken wrist,negative,negative
"feelin depressed ,, i miss you soo fcking much besties i wish i wouldnt have left yt",negative,negative
head hurts bad,negative,negative
"fourteen hours later, im still having the worst allergy flareup in my life from shooting an engagement session in a field last night",negative,negative
goodnite sexy twiggas,positive,neutral
going to shower because i dont want to smell at school tomorrow,neutral,negative
goodnight all no ipod still but found my old mp3 playerwell see how long it holds out for,positive,neutral
"my guitar aint herew yet, feel like i lost a limb",negative,negative
nah they were mine had ones without fingers,neutral,neutral
watching the krystle vs alexis catfights on youtube i miss dynasty,negative,negative
"great day woman, did you notice the smile that never disappeared off my face ha, murray all cos of you, i owe you",positive,positive
i do but i have to go to a dang wedding in madison,neutral,negative
watching southpark for another 20 minutes,neutral,neutral
"looks like another sleepless night dedicated to homework sorry in advance, ms chapman",negative,negative
can we please,positive,neutral
"thats awesome man , i should of sent you an affiliate link lol oh well",positive,positive
"yeah, no i already called to ask",neutral,neutral
is slowly gettin more followers vry slowly,neutral,negative
"trying to upload a custom background on here, but its not working",negative,neutral
whew thassa relief,positive,neutral
my breath is weezy no more going to knotts when youve been sick all week,negative,negative
not funny he profiled my like wtf im still kinda heated ugh,negative,negative
fun webcamming with caroooo,positive,positive
"going to bed, in pain fell on my shoulder today good night",neutral,neutral
a poor boys cries so sad,negative,negative
thanks night,neutral,positive
"i donbt like to peel prawns, i also dont like going shopping, running out of money and crawling round the car looking for more",negative,negative
i am living in ignorance,negative,neutral
i dont know what does it take to butter you up actual butter xoxo,neutral,neutral
"is ahhh, ching chong wing wong ping pong ding dong",neutral,neutral
recovering from being sick anyone want to bring me soup,positive,neutral
"_world lol poor cubbies brewers on a roll my rangers lost, but my leafs won",neutral,negative
"_cullen26 yes, yes it is",neutral,neutral
"hey luis, thanks i have flash and my profs code to thank for that cough",positive,positive
here are the cupcakes i made,neutral,negative
it was days yesterday and probably today that i wish i had taken the top off my jeep i need help haha its fricken hot,neutral,negative
"nah, could use a hug or three, but even that option is 2,000 miles away",neutral,neutral
"on my 42nd written i get less ideas every day, and every day",negative,neutral
"lol, my current mp3 player is a brick it would be nice to have something slim",positive,positive
thanks for the support,positive,positive
no its the same,neutral,neutral
"i do i do, i feel absoulutley fine",positive,positive
heidi just finished her set at stiff kitten with aundy,neutral,neutral
omg evie we have to do our plan for hot 30 tomorrow night,neutral,negative
maatt havent spoken to you in ages dudeee dont forget bout ur aussie fan lool love ya,positive,positive
"here we are unofficially, of course, but we are providing all the info you could want for the geelong football club",neutral,neutral
obviously not too bad,negative,negative
been helping exstudent with uni assignment via skype gotta love a connected world now sudying game design even better,positive,positive
"home until tomorrow did my running and spinning now time for chiropractor, laundry, shopping, and visiting family missing nathan",negative,neutral
training again today,neutral,neutral
hello 30stmfan another one thats cool i dont know one fan of them in person only via the net so how are you,neutral,positive
i would like to be able to go just to one of those,neutral,positive
a lovely weekend thank you whats it like where you live exciting im sure night night,positive,positive
whats wrong with my flickr my quilt top photo only shows when you click on it sad story,negative,negative
i was going to go to london for a week then had to change my ticket i would have been there right now,neutral,neutral
"oh wait, i read that wrong ok hellboy",neutral,negative
see ftsk tonight in grand rapids,neutral,neutral
happy mothers day to you as well have a good one,positive,positive
"they grovelled on tomorrow morning, will post a link to the show, should be on just after 9am if anyone is about",neutral,neutral
its a she and shes way too stubborn right now thanks for caring though,neutral,positive
hates moving,negative,negative
"houstatlantavegas, sooner than later, nov 18th, a night off, successful over and over for the last 2837 hours heavennn",positive,neutral
"this song called stolen, it soooo amazing it by dashboard confessional",positive,positive
"played ball at the park, coached a youngster on fundamentals goin home to steak and lobster word up",neutral,neutral
yes lol thats good one remeber that bottoms are always the top,positive,positive
_news i should have gone,neutral,neutral
good night everyone time to go mimmiz,positive,positive
"loaded up box of recyle stuff for salvation army,but took corner too fasteverything is all over the backmight have to recycle to dump",neutral,neutral
ive spent a lazy day today finding some interesting people to follow its reinforced the saying it takes all sorts of people,neutral,positive
ah so nice to be back on bike commute although three days off and my what google sez are called my quadriceps literally screaming gah,neutral,positive
yes nice i missed a lot of fun exams you are looking goodhair,neutral,positive
"yeah, planning to do that actually got a kinokuniya discount card, so im going to splurge just worried about being overwhelmed",negative,neutral
wants to go see street dreams but its not playing anywhere near here,neutral,neutral
do you remember my spok5,neutral,neutral
"sigh, my sisters bein strange she came all the way from copenhagen to london, and now her phones turned off i wanna see her dammit",negative,negative
i would love to see the sun again it has been raining here for 3 days now,positive,positive
"im feeling sad, not likeing my new haircut",negative,negative
comon dude always think that things can get worst,negative,negative
felicia is freakin cute,positive,positive
im watchign the garden from the windowfar too hot for me,negative,negative
i was really disappointed with the whole promiscuous girl thing congrats on her success but i think wasted talent,neutral,negative
"alas, i am moving like where im moving too, but the actual moving, ugh wish i could go too",positive,negative
i just drove past your hotel wish u was ere im thinking a december trip for a real white xmas,positive,positive
bud light up in massachusetts and no boston lager guess i wont catch the next flight njoy,positive,neutral
i have no one to go to the spring show with,neutral,neutral
"just wondering if you are going to put one too many on itunes i hope you do, it is the only cd of yours i dont have",neutral,positive
ryan stiles is still the funniest man ever got some great news and some not great news tonight so happy i could burst,positive,positive
there is one million people the dmv today,neutral,neutral
stunning business cards ashamed of mine,negative,neutral
hank thompson ï½ the big one got away hmm how old do you have to be to remember this,neutral,neutral
i love my boogah can anyone contain lebron james talk about so sick,neutral,positive
"bc we only have baby phat, phat farm, applebottoms fubu and they come up pretty weak double",negative,positive
"has a lot to catch up on from the weekend the bhr hosts have been busy, busy, busy",neutral,neutral
no wine here i dont drink but i have have plenty of forbidden cholocate,neutral,neutral
i will later today since i have a planning for today,neutral,neutral
is off to body power expo thanks to mike at performance network for the free tix,positive,positive
u mean vip this time coz of the kbs thingy haha,neutral,positive
then you might enjoy this one too,positive,positive
48 days till brighton,neutral,neutral
junk food and movies in a tshirt and sweats the only way tonight would be better is if i had someone to hang with,positive,neutral
"dont worry, i will i hate it when nobody comments on my pics",negative,negative
"sometimes, twitter makes me feel like an outsider",negative,negative
"i told andrew that jt is going to cameo mtv movie awards he said, hes pissing me off guess theyre in a fight",negative,neutral
"bank holiday bliss jeremy kyle, without even bothering the sky",positive,neutral
167 sql queries to display one single deal page on ozbargain looks like ill have fun optimising it bad bad drupal,positive,negative
stop being mean to me ur hurting my feelings,negative,negative
", whered you end up going i stayed in watched snl, one of the funnier shows theyve done this season",positive,neutral
prefer 80s singstar i know all the words,neutral,neutral
i totally owe you a week of oncall duties i appreciate not having those while jill is in town,positive,positive
"im trying my dang hardest to not watch the movie again until i finish the book, again",negative,negative
"no more pizza for jamie wtg britains got talent, sure has",neutral,positive
hey never realized that you also get a twitter account your guides are truly many times a lifesaver to me,positive,neutral
omg youve never seen the ring its a creppy movie,negative,negative
i miss that band so so much,negative,negative
got to clean the bathroom today,neutral,neutral
a love him his car was soooo cute tonight i love me some carlmy 10yr old is sad nowlol,neutral,positive
i am off to bed nowmy family has a wonderful day planned for me today happy mothers day,positive,positive
at the spoke club fell in love with tom arnold all over again not rosie definitely different lucky moi,positive,neutral
so im listening to this random playlist and its leaning toward serani,neutral,neutral
i dont even remember whats on there,neutral,neutral
"really ill again not been well for 2 weeks, ive got a bad viral infection",negative,negative
"just found out my kitty isnt pregnant its a good thing though, we are going to adopt one instead",positive,neutral
im not they frighten me to deathi just like to see all the boys in their leathers we go every year brilliant atmos,negative,positive
hey free,neutral,neutral
kudos love some homemade french toast,positive,positive
my dad is taking me to school picking me up tomoz plus i have drama almost all day score bludge day,negative,positive
"went for run, my sinuses are pissing me off",negative,neutral
sorry bout your cat,negative,negative
sunniest week for agesand exams,neutral,neutral
oh my gosh my hair is so short i miss my long hair,negative,negative
been there done that it always ended up with me selling the machine and going back to my mac,neutral,neutral
"dude, i miss the 90s btw, the name of my mix is damn the man save the 90s hahaha",negative,negative
"watching steel magnolias then going to bed i have to babysit at one tomorrow then give mommy her gift night, 3 peacelovejonas",positive,neutral
gotta go now im going to circus the real circus not britneys tour sadly,negative,negative
"my day was good spent the day catching up on sleep, relaxing kind of a lazy day hehe oooo shopping how did you resist",neutral,positive
_gregor great avatar,positive,positive
_ray bright eyescontentment,positive,positive
call me later so i can tell you all about the weekend easier over phone,positive,neutral
"ashlie, thank you you made me feel a little better",positive,positive
oh yeah happy mothers day to every mom out there and to my friends moms,positive,positive
my husband thinks my twittering makes me a creeper whatever,negative,neutral
youre so cute,positive,positive
"haha well i was at my friends party, but then i realized i forgot my stepmoms bday, so i had to come home to call her",neutral,neutral
yeahim bored xd i pic up this photo when i still have my guitartoday my mum steam me it i miss nameless,negative,negative
_j9 jess just posted some hawt pics on the board j u should check them out,neutral,positive
"this week meet me at offf, next thu, fri and sat and try there mic and surface",neutral,neutral
i am sitting at work watching the clock it isnt moving fast enough,negative,neutral
i hope you feel better,positive,positive
_kittykat hello new follower haha how are ya,positive,neutral
i miss so much i wish i had enough money to be with him again,negative,negative
cavs do it again oh yea,neutral,neutral
trying to figure out what to do tonight see the game social events w friends or stay home and play the st out of my drums,neutral,neutral
watching my baby on snl baby you look greaaaaat,positive,neutral
wants to be sunbathin,neutral,neutral
gahh my freaking lip ring is going to be the death of me it never cooraperates with me and im over it now jack haha,negative,negative
hahaha is such nonsense,negative,neutral
please play in my movie,neutral,neutral
"oh god, i feel like",negative,negative
day started off bad but got better,neutral,negative
_iain well my team couldnt,neutral,neutral
"radioactive never gets old and never will this is the 4th time i have listened to the cd its on repeat today, and still love it d",positive,neutral
ive gotten a cold every time ive flown somewhere 6 hrs away in the past year hope to be back in the poolon the bike next week,neutral,positive
brake time nothing for lunch tonite,neutral,neutral
pokes and runs away i want sugar,negative,neutral
thank you for your comment,positive,positive
good luck with your auction,positive,positive
"yeah, but youve got admire someone who takes job satisfaction to the nth degree",positive,neutral
_brody what is bf is it a glue,neutral,negative
ah hate it when that happens the race to erase ms is this week are you going,negative,neutral
6 freakin days just a thoughtwhat would i have to look forward to after this,negative,neutral
is going to see wolverine and is a lil bit excited,positive,neutral
its 1105 and im already on my lunch break,neutral,neutral
"getting used to getting up in the cold, but my asthma is paying for it",negative,negative
"had an answered prayer which caught me by surprise lord, you are amazing",positive,positive
wtf my tweets arent posting super excited about the weekend 3jfg,negative,positive
thank you for the follow looking forward to your tweets,positive,positive
"the internet is just being a big fail for me today not only is twitter its usual semiflaky self, but facebook and vrbocom, too boo",negative,negative
happy that google wave is trending cant watch the video for it certain flash videos are blocked by my companys network,positive,neutral
"yes dont forget the koala pics im pubquizzing tonight in the 11e if youre back in time sinon, mardi",neutral,neutral
just wrote lyrics to my new song excitingi slept on a full stomach again its the worst feeling waking up and still feeling full euggh,negative,negative
i need to wake up earlier so im actually tired enough to fall asleep,negative,negative
had a good end to a busy day and now im off to bed with a full belly of sushi,positive,positive
goodmorning,positive,positive
"tgif, too bad the weather sucks",negative,negative
maudio ie30s i just remembered how much i 3 u now the right earbud has ceased functioning my shures r 2 bright w lame bass,neutral,negative
no eggs today shame was looking forward to a egg and bacon sandwich,negative,positive
"lolwellno ive had insomnia since i was 23 since then dont sleep a lot of hours, but the ones i do are great",neutral,positive
"hey not much, you",neutral,neutral
hahayeah10th of maylolim greeting in advance haha,positive,neutral
"cupcakes, creme brulee, tiramisu i want some sugar",neutral,neutral
i just read your twitter bio love it very clever and cute im all about smiles,positive,positive
one new follower,neutral,neutral
so tired didnt get home till 530 work at bjs at 1215,negative,neutral
i think it goes against everything i thought the olympic spirit of team gb iswas,negative,neutral
"pool, alcohol, a cute band, couldnt ask for more on a saturday night",positive,positive
im tired but im in a good moood,neutral,negative
"other people have their glasgow ones, standing and seats, for all nights",neutral,negative
_photography good morning hope you have a great day,positive,positive
that story reminds of living in portugal,neutral,neutral
"dlukasrossi lukas your amazing wife, her updates are locked hard to convince people to follow protected profiles,",positive,neutral
ugh hangover sign that im getting old,negative,neutral
why does my body decide now is a good time to wake up every morning at 8 maybe dean will wait for me in my dreams,positive,positive
"chris pine, please be mine haha",neutral,negative
im bummed that the contest is only for the 48 states what about hawaii,negative,negative
sick on wifes bday double,negative,negative
"at least you have a large vocabulary the benefit of being a writer hope youre well, sister",positive,neutral
"sup guys, just downloaded tweetdeck, gettin a move on right now d tweet me some nice clothes sits or summat x",positive,positive
officially mother day here happy mother day to all the moms,positive,positive
"dude, come on at least rotate that",negative,neutral
thanks for your definition of throwbie editors reviewed your entry and have decided to not publish it,positive,positive
thats what i was last night,neutral,neutral
i missed giving away a ttc code,negative,neutral
"i feel your pain man, people say its really good but i dont have the money to waste on a ps3",neutral,negative
getting really guilty,negative,neutral
i have the adam lambert version of feelin good in my head i miss idol already,neutral,negative
"ah its getting there still a fair bit to go, but its coming together fairly well aw where are you from",positive,negative
"umm after school , at subway w my mom nothing to do planss are ruined",negative,negative
long todo list little desire to do it all,negative,neutral
ooooh its you lol i didnt know have fun with your princess,positive,positive
"yeah but they had to come barcelona, because not all the fans can be in that concert come barcelona jessi te quiero",neutral,neutral
going somewhat out of town x visitng uncle boyet famm,neutral,neutral
hello there hope your over your flu now,positive,positive
dont worry man youll see me just as much this week as you did last week,positive,positive
horten moss kï½,neutral,neutral
my brother is planning on moving to vietnam and staying there forever,neutral,neutral
the construction lookd familar,neutral,neutral
"gah, im jittery and upset for absolutely no reason",negative,negative
still at work,neutral,neutral
ive got to catch the bus to work,neutral,neutral
unfortunately im not someones squatting on that,negative,negative
"house of the muses 4, page 28 is now live",positive,neutral
"something for you is on its way in the mail to your pj address, just fyi",neutral,neutral
_artillero hahaha sana someones selling the full version of coding workshop photo recovery wizard cd demo mode lang eh,neutral,neutral
goodnight all,positive,positive
friday night has gone too quickly my bottles gone for tomorrow come on everton,positive,neutral
"wooow, i havent charged my ipod touch all day today, and its still alive thats so coolio",positive,neutral
ahh yes the obligations of a vampire kept me away from twitterbut now im back will try 2 update as much as possiblei lost a donor,negative,negative
tonights art show was a success,positive,positive
any city person want to trade n live in the country house comes w racoons n skunks livin under deck sigh,neutral,neutral
just got home not wanting to read the last chaper of breaking dawn cause i dont want it to be over,negative,neutral
its s mr tonematrix birthday today poor guy is ill at home perhaps a hi from the twittersphere would do some good,neutral,negative
happy mums day this is nellys shout out,positive,positive
i was going to hiddenfile it and youre thinking about youtube so nott lol hey put the phone down and more swimming,neutral,neutral
"awake, no migrane yey but tummy is hurting, evil ibs",negative,negative
"ive totally been mia, i know bad me",negative,negative
"since obviously living in alaska, only a few radio stations we get here",neutral,neutral
i want some candy,neutral,neutral
feeling like today hopefully a nice relaxing swim will do the trick,neutral,positive
ok then,neutral,neutral
"im starting to rethink my i cant stand cold places stancethis heat, humidity is unbearable i cant stand the ac no more",negative,negative
what time is our conference call,neutral,positive
i have no idea what im doing and i am completely lost,negative,negative
is going to rye house speedway,neutral,neutral
_c thank you for the ffs my friends,positive,positive
"3 hours sleep last night, all of my being wants to crawl into a ball somewhere and sleep for about 5 more hours at work till six too",negative,negative
"i made roomi dont have a bed from how much room i made and now im outta space for sure lol, and i know im pathetic",negative,neutral
"bummer, my phone gets disconnected on the weekend of my birthday darn 3",negative,negative
i am so sick and tired of this on and off rain,negative,negative
that is the 3rd nkotb contest that canadians cant enter the overseas fans have theirs now its bound to be our turn,neutral,neutral
aww me sry that was me yesterday,negative,neutral
this is a status update to twitter from ice timestamp sun may 10 105744 cest 2009,neutral,neutral
i should be djing my prom id do it for freethere prob gonna have a dj whos stuck in the 80s boooooo,neutral,neutral
love the song and liked the movie,positive,positive
sounds like you won backstage passes,positive,positive
feels sad coz i wasnt able to play with the guys,negative,negative
thanks for the shoutout,positive,positive
just got home from the city lights show yeahhh,neutral,neutral
is watching movies,neutral,neutral
i can almost imagine what the call taker mustve felt like taking that callespecially if they have young ones at home,neutral,neutral
morrningg just slept for 12 hours and now i have a headache d,negative,neutral
"where you at no tweeting today no gardening either, i bet",neutral,neutral
why are you surprised,neutral,neutral
the iphone,neutral,neutral
i really wanna see the jonas brothers in novemeber but i need to find someone to come with me,neutral,neutral
"could do, will the fact that its bank holiday make any difference lemme check my money situation also",neutral,neutral
up early for class blahh hang over kiddies,neutral,neutral
_ thats coz we love you,positive,positive
i had fun at daisys mexican fiesta,neutral,positive
"your lucky, you have a bed and ice cream, all i have is a very sore couch and some cardboard",neutral,neutral
i cant figure out the empire puzzle stuck at 36,negative,negative
i just lost a fight against on tweefight i lost please revenge me try now,neutral,negative
"nothing aimed at you, just joining insorry",negative,neutral
im here if ur here for me,positive,neutral
we miss you in se asia come visit us when you have time,negative,negative
sooo sad i will miss you here in san diego,negative,negative
friday wooo and nothing to do nuggets better pull it off tonight,neutral,positive
yea i knw,neutral,neutral
thankful for last minute doc appointments baby girl has a temp of 105 sitting at the docs waitin,positive,neutral
oh cool i cant wait yours are awesome,positive,positive
"as appealing as that is and the fact i would hop on it pretty quick, i dont wanna impose on your sacred bday hun with ur friends",positive,positive
bought beer today,neutral,neutral
we want ot protect moleskineï½ notebooks worldwide that is all,neutral,neutral
"i dont even want to know why you know about vhemt, but dont go wed miss you",negative,negative
ok thank you,positive,positive
time is going slow,negative,negative
_couper ive heard that 2 of my sons have seen it and one wants to see it again i cant wait to get there,neutral,neutral
why yes jeeves bring me that noose there too many assignments,negative,neutral
fog horn of doom a great way to start the morning living next to the harbour is really great,positive,positive
"_2229 both, at the same time",neutral,neutral
haha yay we love you too mr shane dawson,positive,positive
back home in palmdale in bed with my mommy,neutral,neutral
4 more followers follow me and ill love you pouts please,positive,positive
really enjoyed the podcast with this was my 1st time listenening to the show will def listen from now on,positive,neutral
he seemed all happy about it,positive,positive
i dont have texting,neutral,negative
oh he is so cute is he in uniteddogscom poppy is there,positive,positive
i really need a job,neutral,negative
oh no opera 10 is not google friendly weeps,negative,positive
"cont small children are not puppies and cleche sarcasm is so annoying bcreative, but then again, thats too harrd",negative,negative
"yesterday was awesome sunny day, best friends, good food tons of fun what more could you ask for",positive,positive
_angel i cant i dont have mms but i will waer it nexxt time i see you,neutral,neutral
rofl i love you too trina,positive,positive
heyy i finally got one too oh and good luck on your finals today,positive,positive
got 5 new followers yesterday yay just need 11 more til 50,positive,positive
i tell him today s its his last day,neutral,neutral
dont wanna work tonight,negative,neutral
thanks guys 200 followers,positive,positive
i hate packing,negative,negative
congrats i highly doubt ull have buyers remorseuve wanted that car for a while,positive,neutral
namaskar namaste r both the same marathi people say namaskar its a marathi word should i naaaah,neutral,neutral
kill me now im so sick n its friday night,negative,negative
at work till 7,neutral,negative
dont want to go to work tonight,negative,negative
okayso i have an aim account nowsend me ur sns on there so i can add uthx,positive,neutral
"i want this, but",neutral,neutral
this may sound stupid but i just bought a mask,negative,negative
thats what im making for dinner very yummy,positive,positive
is up and ready,neutral,neutral
revisionwhat funstill i have thursday to do basically nothing,negative,positive
"spray tan fail on legs and feet ive been scrubbing them and feet look better, but they looked awful this morning everywhere else ok",negative,negative
_lpz yeah text me i wnat to go but my car is broken,negative,neutral
safe easy travels mills ill miss u,neutral,negative
evaluating my peopledont like this part of the job,negative,neutral
wales here i am 1st 2 weeks away in wales but idk if the guys at school really like me,neutral,neutral
cleaning the house,neutral,neutral
serio barroca parabens may the 4th be with you,positive,neutral
it will be an adventure have fun with your 5 yr old and 8 mo old youre brave hope you have a great time,positive,positive
lol we should start a group lol the sisters,neutral,neutral
most experts recommend that you exercise up to 90 minutes most days of the week two jillian videos,neutral,neutral
dsi is the latest nintendo ds with 2 cameras stuff built in we are a gadget house luckily i get my blackberrys free from work,positive,neutral
happy mothers day to all the moms on there,positive,positive
i guess youre responding to me about dc if thats the case,neutral,neutral
homeless afterjune 1st,negative,neutral
added twitter updates to facebook page at wondering if this one will show up,neutral,neutral
thx 4 sharing,positive,positive
im still here i just changed my avatar,neutral,neutral
"no prob, skittles we always gonna have yalls backs the true sweeties dont play lol but yea we just got heated we sry",negative,neutral
is happy cause my voice is back 3,positive,positive
finally able to get flight control for my ipod best game app 123 choppers lol,positive,positive
"oh i love em, but when i think about the kind of preservatives theyre using to stay justbaked it kinda makes me sick",neutral,negative
a female robin just flew into my window and i watched her die in my bushes i think i am going to cry now,negative,neutral
i wish you werent going to a 19 venue in vancouver,neutral,neutral
hurts to be you sunshine all weekend and you dont get to play thats sad,negative,negative
"just got home, talk",neutral,neutral
"awake still o_o, breeding for perfect or close to perfect ivs on a pikachu dont know what that means google it or wait for my articles",neutral,positive
"bumper sticker if you dont want to stand up for our troops, feel free to stand in front of them thank you to all in the military",positive,positive
"aaah kam like a fan incarnated,so kinda like a mutant till date, ghalib has never yet left my questions unanswered",neutral,neutral
you have arthritis in them really poor you that would be painful but you cant be that old how many squats did u do,negative,negative
why oh why do i always forget to take the medication im supposed to take 30 minutes before breakfast just taking it now at 130,neutral,neutral
on my way home n having 2 deal w underage girls drinking gin on da bus while talking bout keggers i feel old,negative,neutral
still hating the whole twitter replies thing i feel like im missing bits,negative,negative
whooaaa just got an overwheolming itus attack after eating,positive,negative
crashing from my wi highmissing mayfield,negative,negative
"lol its not the army its starfleet, rules are meant to be broken to get the job done thats why he gets the medal",negative,negative
off to bed i go to dream of a world where walmart and liquor stores all get blown up,negative,neutral
people still mail things,neutral,neutral
say hi to dan and katherine and zachy,neutral,neutral
mikey im bored,negative,negative
cuz ima always late haha dammit she got me good,neutral,negative
it will give me lulz from time to time,neutral,neutral
"hey, wahts happening in i didnt have coffee for two days now",neutral,neutral
_d zwarte maillot,neutral,neutral
"gonna be in bed soon as fridays over soon, would like to plug in",neutral,neutral
i made it six days in a row wout an accident in the house and then pops took me to a strange place and didnt give me time after bfast,negative,neutral
lol ive been in bk for over a year going on 2 and u havent come yet,positive,neutral
working on your birthday isnt so bad when you get to work with ruby on rails,positive,negative
happy mothers day everyone,positive,positive
sittin through this boring conference call then i get to go home n nap missin alot,negative,negative
i cant call you im from mexico and i dont know the code,neutral,neutral
yeah the weather ruined my plans too i was gonna beach it up as well,negative,negative
ichigo has been good at pingpooping outside but not used to the fact he doesnt have his sister lonely puppy,negative,negative
laying in the dark thinking of you,neutral,positive
4 fillings to the good two more appointments to go,positive,positive
answers on a postcard what century are you in,neutral,neutral
finally off worklong night hangin with,neutral,neutral
just chillin im a bit bored boohoo,neutral,negative
happy birthday and cheers to pao,positive,positive
"dude, i can safely say i was blown away when i heard attics ill make sure i pass it on as much as i can",positive,neutral
thanks so much for following me here too i will keep you all up to date as much as possible on my makeup line plus all new collections,positive,positive
"no problem dude get better soon, i have a cold as well bleh",neutral,neutral
ahh that sucks,negative,negative
whats for dinner,neutral,neutral
seeing lots of my fb friends are friending or becoming fans of zoozoo vodas new face after the pug even ilike,neutral,neutral
im so tired i miss dionee already,negative,negative
need to cheer up,neutral,positive
hardware store guy told me the screw would be impossible to remove since the head is completely gone will get a 2nd opinion,neutral,negative
i just got home i bought twiggies and a toothbrush that promises to make my teeth 60 cleaner,positive,positive
ended up riding down brick lane the a12 was dead apart from scameras every 5 minutesï½ took an hour to get in,neutral,negative
happy mamas day ladies have a good day,positive,positive
so sorry ambien got sick perhaps work her ashes into the garden with a catnip plant,negative,negative
ima need you to follow me real quick cause i cant dm you,neutral,neutral
"i think thats pretty awesome i could quote lotrrotk for one summer, but now i cant anymore",positive,positive
now im sad but im not giving in firsti didnt do nothing,negative,negative
was just told by dan to not say anything anymore now im super sad,negative,negative
theres only one more cherry dr pepper left in the fridgethank god im addicted to that stuff but it does sad things to my skin,neutral,negative
"yeah well a deadline is in t9 hours, thats architecture for you, oh well mmm that coffee sounds like a good idea",positive,positive
so far everybody look good 1 more momma goat to kid this month hope she has them this week,positive,positive
oh so this could well be your last post,neutral,neutral
oo yay 39 followers i want 100 help me,positive,positive
right now at my second gig sippinn on guess whut water we sta focused we are on the job,positive,positive
cant concentrate need a booster to woork,neutral,negative
lol the sun is hiding hes having a lie in hows you,neutral,neutral
super hungry dominos or martabak both tempting and fattening,neutral,negative
no i was too slow i hate getting the trailhead then not getting in,negative,negative
nobody likes to feel low priority,negative,positive
dude i feel really bad but it doesnt work i dont have a serial for it so it cant be used,negative,negative
yea im gonna need to put the blunt down,negative,neutral
"please do not let me get obsessed, whatever or whoever is in charge of my actions youve been doing such a bad job lately",negative,negative
i hate parents,negative,negative
has some bad newss,negative,negative
mums day ended up being happy not that its my day or anything,positive,neutral
being slammed with spam followers today is it just me or is that all i can attract get a life people,negative,negative
listening maroon 5 songs about jane is one of my favourite albums in time,positive,positive
confused on why and how people pose as others on twitter i mean they really do their homework on peoples lives to imitate them its sad,negative,negative
morning,neutral,neutral
awww that poor little girl on bgt,negative,negative
down side i have a seat by myself loner please be a starbucks there,neutral,neutral
gah i forgot about separate bins maybe this is a bad idea,negative,negative
"have to break my no work in weekend rule so much overloaded with work aargh, hate it",negative,negative
"pretty much, thanks seeing if a little gilbert sullivan will cheer me up more",positive,positive
i got you today,neutral,neutral
"my boyfriend just broke his wrist, now he might need surgery im so nervous",negative,negative
i dont know how you do it,neutral,neutral
im starting to feel depressed with this hurricane talk im on the front lines down here,negative,negative
_gov hi gov how are you,neutral,neutral
i am trying to figure out how to use twitter,positive,neutral
"i know it wasnt going to be there, but i check eztv for the office torrent",neutral,neutral
i dont i hope it takes them a good long while to recover,positive,positive
movie is pretty interesting actually gonna finish watching it probably seeing star trek tomorrow 3 zq lol,positive,positive
i wish i could get twitter to upload my background of m,neutral,neutral
lovin the clean shaven mr flowers he looks so young reminds me that im getting old,positive,neutral
sunday morning and i realised im a film snob as it said on msn entertainment,positive,neutral
"well, yeah but my mom doesnt wanna drive all the way to sac if we were that far away",neutral,neutral
i just got my jagk shirt in the mail omg i love it see you saturday,positive,positive
time to go to bed and hopefully wake up to a better day niiiiiiiights yall,positive,positive
i need help twitter world orange theraflu pillsare those going to be the drowsy or non drowsy,neutral,neutral
"thx all its a 3k capacity, bought second hand",neutral,positive
the seat was a nice place to go,positive,positive
hi fellow peruvian,neutral,neutral
god peppermint mochas frappachinos are amazing and addicting,positive,positive
lol 518 that was not the year i was born lol,neutral,neutral
first impression is that its considerably slower to boot than 2008,negative,neutral
got a new prom dress,neutral,neutral
finding out a song you had no idea was a cover is actually indeed that and then thinking that that is awesome makes my day,positive,positive
_bree say hi to the otters they are my favorite besides the fact they are slowly killing themselves with each shell they open,neutral,negative
congratulations woootwoooo great game nakakahyper kayo,positive,positive
goodnight and goodbye,positive,positive
beach with ashley,neutral,neutral
ooops the last link is the same as the first sry my mistake,negative,negative
i dont know how to use this,neutral,neutral
itchy,negative,neutral
rosie to the vet routine shots and bordatella,neutral,neutral
blinks fast its better now lol thanks,positive,positive
cut it off,neutral,negative
bubbletweet hates me,negative,negative
meeeee it sounds delicious,positive,positive
"have i ever told you i absolutly hate writing emails, status pdates are fine but emails have so muchfinalityto them",negative,neutral
"im in an 8 now too, but b4 i had kids i was a 65 darn babies making my feet grow",neutral,neutral
i do that all the time no biggie,neutral,neutral
facebook is being a,negative,neutral
searching my home for a few things to cook them for dinner this evening its mothers day so guess who im eating with,neutral,positive
going to have bfast now,neutral,neutral
"nothing much man, waiting for my insurance card to come through cant get any workdone here wo it redtape",neutral,neutral
in 711 wo you,neutral,neutral
"being a fan is certainly not about being attractive but, if you like the pink, to each their own",neutral,negative
ok shopping was far too fun unpacking the bags now,positive,positive
sweaty and tired from the 6 lap run gonna do sun run next year no matter what,negative,neutral
crappy day,negative,negative
so vacation is good so far,neutral,positive
not available in my area i would too,negative,neutral
got 3440 for exam 1 percentage doesnt look good,positive,negative
today sucks kisskass19 ï½you and katey broke up yah kate broke up with me itï½s been awful nd vodkas,negative,negative
mileey how can i voe in the mv movie awards,neutral,neutral
its because finished the recordings,neutral,neutral
deathstar destroys starship enterprice cant get enough of this video,negative,neutral
"_ o really well if u want, we can go 2gether next yr",neutral,neutral
boystown ill leave for eastwood in 3hours,neutral,neutral
waves to make it all ok again,positive,neutral
im on my way to brookings,neutral,neutral
i was screaming like a maniac but the thing was u couldnt scream on the ride which sucked the fun out of everything so,negative,positive
"just found out i want be able to go see my daddy tomorrow before he leaves because ty has an activity tomorrow morning, that sucks",negative,negative
likewise but i dont know anyone who uses gtalk and the likes so im not holding much hope,negative,neutral
with e3 coming up the worst possible thing happened no not swine flu not aids rrod,negative,negative
i miss her alot and its only been one day,negative,negative
again your fault i didnt make u leave,negative,negative
"oh, im so sorry i feel your pain i cant kill them either, and im always the one that finds them why is that",negative,negative
"is going to attempt to cook chunky beef mushroom pie tonight mmm, im hungry already",neutral,neutral
graduation next sunday im going to miss my class,negative,negative
to all the moms out there,positive,positive
"_saurus so did i and now you can hear it again and again, if you wish",neutral,neutral
"yeah,we say shite alot here you say it as shiiite,rhyming with light",neutral,neutral
im missing crab legs and attending my going away instead,negative,negative
hi my name is chelsea and i respect your opinion when it comes to dwts you were great on there too,positive,positive
i still smell of smoke,neutral,neutral
"wakey wakey lemon shakeyyyy haha, goin 2 schooliooo its raining ugh guess where i wish i can be right nowcalifornia",positive,neutral
michelleeeeeeeeeeeemybelleeeeeeeeeeeeeeeeee snif snif,neutral,neutral
hey cant wait 4 u guys 2 come over 2 jersey woop hope ur lookin 4ward 2 it coz we r x,positive,positive
2 days after im still tired,negative,neutral
"its simple for those who know how to use it hahaa, im glad youre okay x",positive,positive
proper cba with out,neutral,neutral
i had a dream there was some kind of bug on my eye,neutral,neutral
"we people im just an amateur ark builder, no political affiliation all are welcome",neutral,neutral
"oh dear im sorry, but i laughed",negative,negative
"but i like the idea going to cinema, but monday",neutral,neutral
thats how it is supposed to be and sometimes we get too busy to recognize that but always family after god,neutral,positive
"i need a restful weekend, but i will have to work instead",positive,neutral
sounds like my town,neutral,positive
_j think so although think i am being ignored not a good day,negative,positive
i cant to sleep and tomorrow i must wake up too early,negative,neutral
_eyedea i love lastfm but find it a lot easier and more content on spotify add me on if you like,positive,positive
oooh goodluck for the rest of them,positive,positive
guess ill be running in a little bit accidentally fell asleep,neutral,neutral
this gar keeps going out 3rd relight,neutral,neutral
"and to you too, how are you today",neutral,neutral
todays aba has been full of emotional tears some days are harder than others its hard to not intervene poor baby,negative,negative
mm it was cold in your shadow anyway ooh monday,neutral,neutral
no it doesntsheesh,neutral,neutral
that is the best sticker ever also i dig your hair its gotten long since ive seen you last,positive,positive
come see me live on stickam,neutral,neutral
its gloomy as hell outside today,negative,negative
"i can only message those who message me, if were fwendsso those that want repliesfollow me hmmthat sounds funny",positive,positive
came out of my house this morning to the stink of cat poo i have cats doing their business in my little bit of garden,neutral,neutral
i missed out on carrot cake last night hope you had fun,neutral,positive
didnt realize animal kingdom closes so early at 500 today now im stick in the exit traffic,negative,negative
its a bank holiday if youre happy and you know it clap your hands,positive,positive
sorry you wouldnt believe how much feedback we got on that menu bar icon the next version will be a lot more subtle,neutral,negative
people are cruel sometimes i cant imagine being a star,negative,neutral
"forward to starting teaching new students all about hypnosis, will have plenty of laughs im sure",positive,neutral
mcfly anit been on here in ages z,neutral,neutral
happy mothers day to all the mothers out there,positive,positive
ready for mothers day,neutral,positive
mothers day gift,neutral,positive
me and arlando are totally done i havne talked to him in a long timenow i just have to find a worth while man,neutral,negative
nope it is telling you that you want cameo creams,neutral,neutral
"right, so richard marxs right here waiting is really making me feel nauseatingly sad",negative,negative
spending a weekend doing nothing but being domestic you said it,neutral,neutral
"so much to do this summer, hopefully all comes in favor and nothing has to be cancelled worked hard for it",positive,positive
what good role models i like how yinz think,positive,positive
baking cakes with my momma,neutral,neutral
aww,neutral,positive
i totally agree and theres no way to avoid it,neutral,neutral
my graduation day and i feel like a failure,neutral,negative
psyching myself up for the next few daysoh my,neutral,neutral
im feeling pretty energized ready to face the day wonly about 3 hours of sleep hope it lasts all day,positive,positive
i no i wanna move to america,neutral,neutral
is going to watch the two davids yey,positive,neutral
nugget bit jack i told him not to poke the poor hamster,negative,negative
sigh joe sings so purdy he makes me feel better,positive,positive
im going to schooljoy 720 am ive got to go bye,neutral,neutral
home in carlsbad with the whole family for mothers day,neutral,positive
boo im lonely and bored,negative,negative
morning to u,neutral,neutral
my goodbey pressents,neutral,neutral
gahh im so tired right now,negative,negative
i actually need to be cleaning my house,neutral,neutral
thanks for the raspberrylaced vanilla cake,positive,positive
u just got me real excited cause i thought teniece was on twitter,neutral,positive
teeheei know it too,neutral,neutral
there is good cholesterol there are no good tumors,neutral,positive
i need to go shopping with youbut i need to save my money,neutral,neutral
i think you and tamera should have your own show anywaythe cw or abc fam is not appreciating you like they should,negative,positive
i no i no bt i had only been a gamer for like 2 years when i made that attempt lol yea i luvd f1 to an extent,positive,neutral
"yes, you should go see star trek its sooooo much fun",positive,positive
hey chick when are we going to ja to pick up some hot guys and eat jerk pork and festival well you already have a hot guy,neutral,negative
i looked for you but couldnt find you amongst the crowd,neutral,neutral
thanks i love a good bargain,positive,positive
morning ali a big thank you for yesterday love you always xxxx you out on the bike today dont forget to get a helmet ok,positive,positive
doctors appt,neutral,neutral
"ok thats not true plus, youre insulting me saying that im insulting you ive been trying to cheer you up butï½nadaï½",negative,positive
night boyssss,neutral,neutral
"baby baby, its gonna be all right when im by your side and the whole world turns against you i it when my ipod randoms bsb songs",neutral,neutral
thanks you soo much i need this day for these five kids lol,positive,positive
im so jealous wish i could join u its so cold in la right now,negative,negative
having fever dont feel to work,negative,negative
morning all looks like no nintendo gameboy phone,neutral,neutral
about to go pick up my roomate from the airportno more house to myself,neutral,neutral
calling debby ryan,neutral,neutral
twitter is sooo quiet today,neutral,neutral
"the ending is te funniest, youll see you know paranoif is always stuck in my head love it",positive,positive
"being unable to have booze on a friday, indeed the entire weekend, actually hurts",negative,negative
thanx 4 thee follow,positive,positive
is so tired ive walked 605 kilometres today,negative,negative
bai kt and i have decided that at my disney wedding we will have a parade and a mushroom trampoline float that kt and bai will jump on,neutral,neutral
"wow, i broke my toe today on a stupid piece of concrete lame job searching then sight seeing with brittany",negative,negative
"just had my teeth checked, now my eyes im dying for a coffee but cant drink for an hour",negative,neutral
aaawww im soooooooo tired today i dont feel good i dont wanna go to work wah but yeah im goin to work in a few mins til closing,negative,negative
im on twitter go me i have no idea how to work it,neutral,neutral
"today in a week, i am 18 yiha",neutral,neutral
"yeah man, they brought it back on the market a couple years agoit scarce through",negative,neutral
"np mate, was great meeting you in prague",positive,positive
"um, i think what i will miss the most is jay leno",negative,neutral
"dude, i pestered army personnel at mumbai airport to let me hold it so much that they had to request me to leave",neutral,neutral
thank you if you like please leave a comment and subscribe chicago another great musical thanks for your support,positive,positive
its almost your birthday,neutral,neutral
on the plane to yosemite forgot my laptop at home,neutral,negative
has woken up feeling a little speciali dont thing drink the bar dry is on the cards when i finally sober up its home time i think,positive,negative
so bummed that i cant see ltj in june hoping for a uk yoke soon,negative,negative
"just got to kansas city and excited for a fun weekend with my family, my sis, parker and josh",positive,positive
working again today but off tomorrow for dans party yay,positive,neutral
in about half a hour im going to my english lessonguess ill have to waitand wait for a couple hours so im over with it s,negative,neutral
you cna get em for about ï½17 but ive got one for ï½27 which is asus same as lappie,neutral,neutral
im supposed to be ms twitterology,neutral,neutral
just got home im so effin sad,negative,negative
tonight in party w my girls minus vita,positive,neutral
"at home didnt see the bloody movie, full booked but night at the museum was fun though",neutral,neutral
just got home from the last day of school graduation tomorrow,neutral,neutral
"ftsk l havent listened to them in a while so pissed off my with so called friends, cant wait to leave this school",negative,negative
i wanna play golf,neutral,neutral
youre very welcome i love reviewing free apps as much as downloadingusing them,positive,positive
my cat has been missing for 2 days i am freaking out,negative,neutral
toy story pwns,neutral,neutral
get fightstar mercury summer here from,neutral,neutral
studying math it brought my brain to explode,neutral,neutral
likes cheerios and scones in the morning,positive,positive
i want to go to music tonight but i lost my voice,negative,negative
my knees are sore after physio,negative,negative
just finished filming for the day another fun day on the set hahaha,positive,positive
rip michael,negative,neutral
"probably going to miss silverstones race again this season in iracing , so sad this track is pure laser scanned awesomeness",neutral,negative
yay busy is good,positive,positive
first natalie and now little holly this is mean,negative,neutral
almost died laptop screen was set to 100 brightness after i reinstalled windows vista got a headache now,positive,negative
i actually drove in today no incidents to report to quote ice cube today was a good day,positive,positive
has been underpaid just when i really didnt need to be as well,negative,neutral
ocean sounds cd,neutral,positive
i totally want some white chocolate macadamia cookies from mrs fields but the mall is soooo far away bleh i think ill make my own,negative,neutral
hello there,neutral,neutral
rentaphone yesy have,neutral,neutral
"just at home, not much going on, had a long day",neutral,neutral
i want the rain to go away there has been too much of it lately,negative,neutral
"but it is our reality , we must survive what doesnt kills, makes stronger palante lore",positive,negative
"for some reason, corona light tastes so much better when i am with you than it does when i am alone",positive,positive
got a lot of shopping done todayreally excited bout my new travel journal going to go to sleep watching a movie with my cousins,positive,positive
hiwanna see 17 again again with me ill fly to cali and see it with you,neutral,neutral
"900 cheque to cash tomorrow, why i didnt get it in the bank i have no idea feel safe to get the 500d now though woooo",positive,negative
"darn it, im craving wedding cake a craving thats very hard to satisfy with anything else",negative,negative
"love is an airconditioner on a hot daya heater on a cold dayand a warm body in bed any day yep, me again",positive,positive
ahhh i am sooo happy ashley tisdale is in germany but i am not in oberhausen but i will show it in the tv at 8 o clock,positive,neutral
feel like death evil headache and need to pack and drive to parents bum,negative,negative
is being a horrible twitterer moved in to my houston apartment and awaiting work starting on monday real worldnow,negative,neutral
"anybody out there having a beer right now i hate drinking alone mrs t is oot on the other hand, mrs t is oot",negative,neutral
happy belated birthday to billy i forgot to say that on his bday i feel aweful,neutral,positive
someone just admitted to having a crush on me thats cool,positive,positive
i dont want to go to the 3hour lecture,neutral,negative
what i was being serious,negative,neutral
i will surely vote for,neutral,neutral
do not do it ive seen enough movies to know that something terrible will happen lol,negative,neutral
"john, are you sure we arent mtb",neutral,neutral
_m except im on site near the airport on dixon i have a lil gps in my head hehe,neutral,neutral
interview 177 views 22 away from 200 thanx for reading ppl,positive,positive
that was awesome,positive,positive
"_babe woo im getting mine on monday,cant wait x",positive,neutral
"ur taking tease lessons from the guys no fair lol, oh well, well wait as patiently as we can",neutral,neutral
well u werent around 2 twit,neutral,neutral
"iis working until 4 now and really wants geordanos thin crust cheese, black olives, peperoni and mushroom pizza",neutral,neutral
session almost over,neutral,positive
ops that lol wasnt supposed to got to twitter,neutral,neutral
got it at answered,neutral,neutral
looks like my ionbased miniitx board wont ship until midjune now at the earliest,neutral,neutral
"mmmm, i had honey mustard chicken w rice veges",neutral,neutral
"yes , everybody love you im a german fan follow me",positive,positive
i dont have a subject line on my phone just normal texts,neutral,neutral
everyone keep checking demistylesourcecomnew update coming soon,neutral,neutral
a bew you wont be here at all this summer,neutral,neutral
_pax goddamn that sucks hugs,negative,negative
_hawt hmm interesting choice,positive,positive
"actually sos wont be here, vi will be accompanied by gliss and make me the day after brandi carlile, busy month gigwise",neutral,neutral
ahh i wish you guys would come to a hot topic near me,neutral,positive
my grandpa was telling me how they used to cut up human bodies in med school,neutral,neutral
but now i have no money for a phone,negative,neutral
"ugh, i dont feel like going to work today",negative,negative
i didnt get the msg but i bought princess,negative,neutral
im sooo happy demis back on twitter,positive,positive
im sorry this is all so sad,negative,negative
and added it to his collection i was too much of a punk to ask for it back,negative,neutral
wants to see 2001 maniacs why won come through the post,neutral,positive
you suck majorly im swampedso why am i on twitteri dont knowbut still a golf tournament,negative,negative
dfizzy if you ever read this uh i got one question for you would you ever date a fan lmao,neutral,neutral
"looking out the window, beautiful blue sky, great forecast for the weekend not good for cinemas",neutral,positive
its my fave,positive,positive
helloooo,neutral,neutral
had a lovely day yesterday the weather was great now stupid slapton,neutral,positive
oh man i was going to connect my old school nintendo to play mario games and is not in the bag i gotta search for it,negative,neutral
then he has gone down in my estimation,neutral,neutral
that sounds cool post video,positive,positive
you looked great for being sick yesterday im sorry i didnt really make an effort to say hi i was preoccupied for a while,neutral,negative
"weeooow, i feel fat i remember when i used to weigh that much pfffffffffffffffffffffftttttttt long time ago, hahaha",neutral,negative
i think i juz missed my last bus need to walk home sia,negative,negative
is almost over the legal limit of db at the garage,negative,neutral
sheboygan teekay other kids fight angus ryan mall mcdonalds high party beer pong drink drive home fun night,positive,neutral
josh just called me a big bucket of ugly wish me luck for my audition tweets,neutral,negative
"ummm, come on, for me twins and slurpees, and being in a car with the twins is going to be pretty epic",positive,neutral
1 pm,neutral,neutral
"someone take care of me, im so sick",negative,negative
omg i dont blame you hope you didnt hurt him too bad,positive,negative
"ok, just noticed it is in theatres now dont know when its showing in vancouver though",neutral,neutral
and now im all hungry and thirsty and too afraid to go downstairs,negative,negative
what would you know about packing youre making poor lauren do it all,negative,negative
"awww thats no fun, did you take something",negative,positive
listening to metal shop at mooneys all is good,positive,positive
"ok, back to the dentist today all i want to do is bask in the sun",positive,neutral
all of you can have fun tweeting all day while im cleaning hair lol,positive,neutral
"you are amazing as alice, as if she was made for you thank you for everything i now have a face for the character",positive,positive
my home made red velvet cupcakes were pretty good now to master the frosting goodnight,positive,positive
was eating a tomato and it squirted all over me,negative,neutral
"workies with dad aw that sucks working on saturday morning im about to study, when are your exams",negative,negative
haha i wish i have 1 filling that broke and 1 cavitie that needs to get fixed,neutral,neutral
"heh, i meant differences between b3 and b4",neutral,negative
bad mood now,negative,negative
good morning people in good old germany is it soooo cold,positive,positive
"catching up on my tweets, i saw acs promo of your new blog before yours, i knew immediately it would be yours by the title",neutral,neutral
"_uk yeah, but its myst",neutral,neutral
"thanks, im glad you liked it its a flower made of diamonds",positive,positive
"ned to go to beathroom, dont know if i can reachfind clothes need to walk outsie to get to bathroom ok at night, not ok in daylight",neutral,neutral
never commute in the rain the people get so much meaner to you,negative,neutral
thanks carry on the craziness again,positive,positive
_honi might be cute to do a little picture book called the little book of boring,positive,negative
"yes, i do but why did you change",neutral,neutral
would really like to not be at work and instead taking a nap,positive,neutral
know exactly what you mean ive lost too many friends i do feel for you all,negative,negative
youre so gorgeous,positive,positive
i want alexis bledel back on screen every thursday night,neutral,neutral
watching a gossip girl,neutral,neutral
"look, no matter the ethnicity, women are something else fellas, can i get an amen dueces",neutral,neutral
omj my sister brought coldstone cupcakes today instead of a cake to celebrate bdays in family and i was so excited taking pics,positive,positive
woke up early dang man i know im not going back to sleep,neutral,negative
"well movie night spoilt by fracked up diskhappiness gone, so time for sleep",negative,neutral
"my goodness another hit, another run",positive,neutral
i dont know what to wear,neutral,neutral
get back to tokyo manwe miss you,negative,negative
hi donnie today i want 2 hear from u that u guys r going to reschedule nc so i dont have 2 b bummed anymore,neutral,negative
is wishing she would get more followers,positive,positive
"dreading this weekend, every minute of it is me doing coursework i should of done during the week and learning 2 pages of french speaking",neutral,neutral
"yeah, its gonna be rubbish",negative,neutral
ive got really bad arthritus in my left hand i cant use my thumb at all,negative,negative
"keep it that long, people can ffwd if they like now, if you did aac w chapter markers",neutral,neutral
awesome all deserved im sure miss the crabs games,positive,positive
gone have my ears on it when i am at home plenty of painting for you as well,neutral,neutral
goin to casa milans club house,neutral,neutral
is making me hot chocolate with almond milk mother day festivities is starting early,neutral,neutral
"oh thas cool you know, i only kinda knew bouts you cuz of ericson haha when you guys were together x",neutral,positive
on my way homethen sleep seeing amber pacific tomorow with the besties,neutral,neutral
"june is going to be a long, lonely month",negative,negative
"mooorning its friday, and thats terrific smile up d",positive,neutral
can you stop working so i can have someone to play with,neutral,neutral
boo well its good fun tho sucks if u cant get cards i finished 10th in last nights i took out lol,neutral,positive
loving my new hr monitor,positive,positive
"and i aint happy go lucky, its just today the world dont feel ugly",neutral,negative
says i miss plurking,negative,negative
i miss yoooooooooooooooooooou my poia,negative,negative
"youll never have to be alone i love you, and thats all i really know",positive,positive
dinnerbuffalo burger with provolone cheese melted on top with beefsteak tomatoes and spinach divine pic on facebook to come,neutral,neutral
have spent half of the day troubleshooting something that wasnt even within my control clusters doesnt always mean high availability,neutral,negative
"have to wait till friday to pick up my visa for china not as expedited as i would have hoped, but at its done",neutral,neutral
just thinking that it will all pay off in the end,neutral,negative
everyones talking about the goodies at i wanna be there,positive,neutral
a group of people naked woooh,neutral,neutral
i dont believe in my eyes or should i say on my browser omg omg omg,negative,negative
hhhhhhaaaaaaaaaaaaa yo u hve me in tearsits all fault he said u cancelled so i thought,neutral,negative
sooo im 20 n im just now findin out i have asthma,negative,neutral
awake suprisingly couldnt get to sleep last night so gave up and pulled an allnighter how are you,neutral,negative
"a sunny morning in the big k, with lawns to mow and a 2 mile to run to attempt, urgh",negative,neutral
"all this talk of buttershots has me wanting some maybe ill have a small bit over ice, i havent had any since faire",neutral,neutral
"yes, yes nap or read gossipy mag if you have one handy",neutral,neutral
happy mothers day to all moms out there,positive,positive
"no, is buttfuck stupid im just silly and forgetful",negative,negative
not letting anyone get me down tired of taking on other peoples pain all the time i am a happy person with or without drama om,neutral,negative
singz so i think im jst abt done being ur girrrlfriendim leavinim leavin jst love cm,neutral,neutral
"suffication no breathing its okay therell be more youre invited to mine, but i cant promise fun times jinx",negative,positive
whooops wrong smiley its supposed to be lol,negative,negative
im bored musiicbox,negative,negative
"its really incredibly gross outside, so im hoping to get alot done int he house today including pics on the blog morning friends",positive,positive
"yeah, i was wasting my time fail",negative,negative
yes because i havent worn jeans in ages,neutral,negative
started using the branch,neutral,negative
you own a didgeridoo,neutral,neutral
lol dammit well then next time then,negative,negative
well i hovered over the button lol not sleep well tiff and you are welcome,positive,neutral
im having a baby girl in the next 17 days i think im gonna keep this handy funny stuff,neutral,positive
had a gr8 sunday relaxing enjoying the beautiful weather good nite,positive,positive
"today is just not my day i cant seem to feel any better if i dont eat, im hungry if i do eat, i feel like im gonna be sick blah",negative,negative
"_shantz heyy shantell twitter is cool, thats why and guess what i followed britney spears, and she followed me back",positive,positive
oh no trouble in paradice,negative,negative
"back then i didnt know why you were misunderstood so now i see thru ur eyes, all that u did was love mama, i love you",neutral,positive
no school today thats greeeeeat,positive,neutral
i hate pc,negative,negative
drinking and smoking is very badbut im grown tho,negative,neutral
"ha ha, and what game is that i like games",positive,neutral
13 hours til im on a plane ahhh yay,positive,neutral
walking past the school i went to junior high in as its being torn down,negative,neutral
depressed that both of those are already out but yours isnt i want your book,neutral,negative
"thanks yes, this sudden downpour does seem rather freakish is it really the end of summer here in the philippines",positive,positive
baseball games whoo hooo when to banquet yesterday at the hyhtt sooo fun,positive,positive
sigh exams aint no wer neaaarr finished i have 3 next week bin stressd and i aint guna b bak till end june,negative,negative
fireworks kboom concert second best ive ever seenpreceded only by last years show 2008 sigh,positive,positive
while im stuck inside in elk grove village working all day someone should enjoy it,neutral,positive
on another note i totally love this pic of you and your dadold pic,positive,positive
cant beat all time low i soooooo want to go to metro station your cheap shots wont be able to break bones,negative,neutral
please dont vote for her out of sympathy,negative,neutral
one more day baby,neutral,neutral
have somebody installed vcenter server 4 on windows 2008 x64 w sp2 sp2 is not in the compability matrix,neutral,neutral
"heyy dude, yuup thats it really hows your monday x",neutral,neutral
im one tough momma put together a swing set for tammy allll by myself today my hubby would be so proud of me,positive,positive
im not sure what you mean by blowin this joint rb lol lol good one,positive,positive
"justin timberlake, how you can easily become a reiki master at",neutral,neutral
i need new running shoes my feet are completely torn up,negative,neutral
prowse i got a christmas card of him last year i wish i had the money right now saving for an apartment,neutral,neutral
"work, work, work and why did i get so tired all of a sudden , nicole told me you say hi aww she was so enthusiastic hi paul",neutral,neutral
im wishing that i had the weekend off so i can go to sol,positive,positive
too many good shows coming up and no money to buy tickets fmfl brand new at the troub,positive,neutral
nope het is lostfound he,negative,neutral
shld says great phone,positive,positive
"im back top molar extracted swollen face, all numb but no more toothache or sinus pain",neutral,negative
samee well i aint a man i am a girl obv nd i am 14 lol i aint no1 special or not famous or rich wish to be tho,neutral,neutral
i won because im awesome,positive,positive
i wanna watch that movie again maybe that dvd will work in my laptop since dawsons creek doesnt,neutral,neutral
yeah that will keep my mid section down,neutral,neutral
i dont know what to say except hugs,neutral,neutral
"haha i cant a good vid of it on tubey,you thugh",positive,positive
i have to figure out how this works i dont get it hope youre doing well,neutral,neutral
good morning tweeties,positive,positive
im too tired,negative,negative
left this is your brain right this is your brain on drugs,neutral,neutral
flapataco was nice until the plebs came in,negative,positive
hmmm thinking about taking back that i feel better this morning i think i spoke to early,positive,neutral
not really just have to install os x on a harddrive and get it to boot on schools imacs,neutral,neutral
"hi, is anybody else having problems with the karma site its not working",negative,neutral
nothings better then going out for chinese at the supperinn with ma fave cousins at 1am,positive,positive
would love to hear all of this from a nokia perspective,positive,positive
making the treck from lafayette to batonrouge solo,neutral,neutral
"all in all, a good weekend",positive,positive
_boo jealous can you add and i really wish nicole was herebut we all know what shes really doing to that tweet,neutral,negative
fuzzball is more fun than mothers day,positive,positive
no tonight,neutral,neutral
seriously though amazing night,positive,positive
"google wave looks cool i should be working for these guys, i came up with some of these ideas years ago",positive,neutral
just woke up and feeling real good cause of krispy kreme i want me some doughnuts,positive,positive
"youre welcome, of course",positive,positive
i want to talk with but the calls are so expensive i love you,neutral,positive
yey holiday monday in uk today have a chilled day,neutral,neutral
if i unfollowed you its not on purpose something fishy is going on with my tweet deck let me know if i unfollowed you,negative,neutral
watching saturday night live justin timberlake hosts,neutral,neutral
"ermm, more like a full black upper half and some a completley grey",neutral,negative
its raining in md,neutral,neutral
gooood we miss you hope you had fun wthe inlaws haha,neutral,positive
i went over the limit for actions per hour for twitter clients i hate that limit,negative,neutral
was late,negative,negative
after workhillcats game 25 cent hot dogs haha,negative,negative
you should,neutral,neutral
"i got a coupon, but i couldnt register it because you have to be in the us",negative,neutral
i want magic mountain tix but i dont get ur station out in paso boo sux for me,negative,negative
good morning everybody,positive,positive
_nicole i have the exact same pic except its my hubby my chihuahua tucker very cute,positive,positive
on the bus goin 2 work but omg seriously im sooooo tired dont know if ill survive the 8 hour shift,negative,negative
"awesome news about the leo awards for sanctuary, looks like they got 4 out of the 10 they were nomintated for, not bad",positive,positive
bored bored bored nothing to do today besides work at 5,negative,negative
just ate at chipolte ate more than i usually do now im ew full not content full but ew full,neutral,negative
"editors read this and nod, writers read this and take notes",neutral,neutral
i just woke up and remembered theres no school life is good xxxxxx,positive,neutral
haha thats way cool good morning,positive,positive
sorry i wasnt doing the invitingall single women i think,negative,negative
"hey, good morning guys",positive,positive
im not being mean,positive,negative
had a nice mothers day with mum she liked her presents wondering if ill ever see some one again talking to sisa,positive,positive
"id love for nicky poo and bri howie aj, to wish me a happy birthday please please please please pleaseee guys",positive,positive
that doesnt sound like fun,negative,negative
i love all my friends and drew were fun tonight,positive,positive
"dad wants the computer, so id best be off taking my lapitytopity to a mac specialist tomorrow, hopefully they make teh owwie go awayz",positive,positive
first day of summer sucks its overcast and cold this isnt summer,negative,negative
is a failure,negative,neutral
i say its in the cards,neutral,neutral
pats in philly at 2 am i love it mmm cheesesteak miss my boyfriend but i love vacation,neutral,positive
good luck with the pump,positive,positive
"lol, ive done that one b4 im a victim 2 that lol",negative,neutral
waaaaaaaa they kicked us out of the bank getting it until monday omg chilito,negative,negative
i got 5 in english lesson now drinking sprite,neutral,neutral
sorry forgot that,negative,negative
moses and his girlfriend broke up,negative,negative
"happy birthday to my little sister gee in celebration, have an article",positive,positive
haha kk tell me when u remember,neutral,neutral
i want an iphone 33333,positive,neutral
hoping i at least have fun 2nite today was 1 horrible way 2 start off a birthday,neutral,positive
ur leaving me for a week i know i dont see u everyday but i like the fact that ur in the same city as me,neutral,neutral
know im not the only one just harder on me,negative,neutral
yayyyyyyyyyyy but thats sp far away,neutral,neutral
theres starwars day omg rocio,neutral,neutral
too kind jim too kind brother,positive,neutral
"now has 10,000 followers congrats",positive,positive
is new to twitter needs some studying here,neutral,neutral
is texting,neutral,negative
im gonna miss eddy if were half the country apart,negative,negative
ps its rainging,positive,neutral
"so, i picked up chris bottislive in boston cd, listening while driving home tonight under the moon didnt want it to end",positive,negative
back from lunch and its pouring rain ugh ohh well at least it gets me into a death cab for cutie mood,positive,negative
backache,negative,neutral
nvm i just got ur message that ur sick,neutral,neutral
yeah its afireinside687,neutral,neutral
"well actually larin is my name the model is what i do besides sleeping, crawling, etc",neutral,neutral
i couldnt find p4 so i couldnt show brantley my feet and now its raining,neutral,neutral
lol only if you make me that cookie ill hit you up,negative,neutral
was jus so excited t c ur name,positive,positive
exactly,neutral,neutral
a our kitties are the best,positive,positive
actually i think the na release date was confirmed for september so its a bit more of a wait,neutral,neutral
hi sweetiepie its friday night and im missing my sidekick his slippers its just not friday night wo him,negative,negative
the whole day,neutral,neutral
haha thanks for listening to me rant on and on about nothing have a good night,positive,positive
they burnt my zuccini,negative,negative
_ yeeeee haha the funniest thing is when dudes that cant ball bring their hot gfs along so they can watch them get murked,positive,neutral
"my knee hurts man haylee doesnt even care, get me more milkshakeshakeshakeshake it",negative,negative
i wish people would leave jon kate alone i really like that show,positive,positive
is live on danny noriegas stickam he said hey to me i luv him,positive,positive
haha its awesome i always have to use it when i eat,positive,positive
"awwwe i live in van, wouldve been so great to see you but have a great flight",positive,positive
"one mo time becuz hasnt seen it yet and shes soo cool, ill post it just 4 her",positive,neutral
yeahshe passed last week so sad,negative,negative
"sorry guys, the wavves show was canceled, they missed their flight",negative,negative
anyways have a severe headache ryt now i jst love dis cup of tea i made me self its makin the headache go away,neutral,negative
i lluuvv u too ahhh im gonna miss u evenn moreee lol,neutral,negative
but i went out and bought some nail polish ellen,neutral,neutral
"about to pik out my hair, braid it up, scrub off my make up and relaxxxx tonight was fun",positive,positive
ive had the week off toobut i have biology exams to revise for so my bones time is limited,neutral,neutral
is celebrating her 21st birthday,neutral,neutral
"time to get ready for wrk ahhhh, i dnt wanna goooo",negative,neutral
"forecast in sf for friday, may 29 66 degrees",neutral,neutral
listening to her stolen music just loved it cause its free,positive,positive
beautiful monday morning so happy,positive,positive
hanging out in myrtle beach as a married man,neutral,neutral
"lolzz public script, wait n watch",neutral,neutral
cause my eyelids are not deep set thanks it would help me a lot,positive,positive
cold and rainy,neutral,neutral
"ahh man, and im off next weekend",neutral,neutral
"is abit happier at the thought that ashleigh loocie with be here soonish, but sad to miss her sane",neutral,negative
i need to speak with but i left my phone at home,neutral,neutral
is wondering y mother nature is making my life miserable,negative,neutral
yeah twitter is a lot of fun babe especially when youve got ppl to talk to lol that sounds goooooood lol,positive,positive
hearing the birds chirp makes me think its nice outsidewell its not rain rain go away,positive,neutral
too cute,positive,positive
"as of today, _a_bo0 and i have been going out for two years best two years ever",positive,positive
are you and melissa celebrities now,neutral,neutral
"except the fact that its been raining since wednesday, and not supposed to stop till monday ew",negative,neutral
that sounds great right about now its ridiculously hot in my house,neutral,positive
i was studying computing this yearbring as feck changing to plant science next year,neutral,neutral
what am l doing nothing much atm,neutral,neutral
why is it so cold,negative,neutral
i couldnt respond cuz i maxed out,negative,neutral
"isnt she lovely isnt she beautiful sorry stevie, youre not really in a position to make that judgement",negative,positive
thanks for the info,positive,positive
"mom, where ever you are happy mothers day",positive,positive
nup no cd either just a whole bunch of zeros and ones you can have for free,neutral,neutral
hee hallo,neutral,neutral
_peer you ll soon be back just replace topify email in twitter settings and that s all,neutral,neutral
just got the dreaded call from babysitter little h has bumped her head sitter says shes fine and goose egg is going down fast,negative,neutral
"so disapointed,good evans, they sound really bad, so out of tune",negative,negative
what i do now anyhoo thanks for the spank o x,positive,positive
yes really if it is that time of day again xxxxxxxxxxxxxxxxx,neutral,neutral
im work and missed everythin yesterday but dont know wot anybody,negative,neutral
i look forward to having one very soon,positive,neutral
"time for the hittin the hay later tweeps ala billy cunningham, you are all great americans",positive,positive
in two months i will have something of the kinf of prom and im really excited and you havent any contact to her,positive,positive
"35mins through the 1hr 20mins google wave demo, that looks a lot of fun, would love to test it though",positive,positive
its ok lol i think we might do the same dates,positive,neutral
"sooo, i spent most of my day sitting at home in front of the computer in my pajamasi love these days",positive,neutral
me,neutral,neutral
at the drive ins with daa crewww,neutral,neutral
_xo hey chick u alryt u at dads tmoro we sud do sumin aen like last week we neva dun oot this week lol missed you ha bye hun,negative,neutral
aww i wish there was sun out here then i can get a tan walks it out go meee go meeee,positive,positive
i cant sleep ughh n i have registration tomorrow at 11 this suxs shooting star,negative,neutral
sorry to tweet about bgt but poor wonderful crazy weird greg so not fair the silly little girl is never going to cope urgh not fair,negative,negative
"well, its more the word bat as in baseball and and then viggo not bat as in tiny little thing",neutral,neutral
sorry to hear about your dog,negative,negative
bummed out i am missing a rock climbing trip next week,negative,negative
"is about to go in the garden, weeding, mulching, cutting down and anything else that i find to do",neutral,neutral
"yes but, cute and predictable works for you",positive,positive
awww well i am herejust in casei am not like the perfect funny friend but im here hehe,neutral,positive
"oh, joy we have the elmo potty video too",positive,neutral
"oh, is it good ive been wanting to watch that movie but nooobody would watch it wme",negative,positive
photo thatï½s what you call hope,positive,positive
how could they kill him hollyoaks made me sad,negative,negative
never a relaxing weekend for the allahpundit,negative,positive
6789998212 haha love soulja boys new song,positive,positive
craving coffee,neutral,neutral
"im torn, do i get an extended warranty for my iphone when mine runs out, or jailbreak ive already got problems with battery earpiece",negative,negative
follow my blog and ill follow yours,neutral,neutral
pissing annoying date stamp on all my pictures wish id remembered to turn it off,negative,neutral
what happened to my early night am about to turn into a pumpkin,neutral,neutral
epicfail and joseph in class very long liao,negative,neutral
you burned yourself too so did ohh no xoxo,negative,negative
"o goodness, i havnt heard it i lovelovelove her old stuff though, the overture the underscore is the best album i think",positive,positive
"_lovato oh i see thanks for replying anyway, how are you",neutral,positive
etsy handmade cards werent any good,neutral,neutral
kinda bummed that im gonna miss s return to bg now ill never know what its like to make love to _gunn,negative,negative
teaching people the beauty of twitter,positive,neutral
"gorgeous day worked the master gardener plant sale, trimmed smoke bushes, and now to do some writing",positive,neutral
is not getting her posts posted to the topics,neutral,neutral
afc oh yess,positive,neutral
"enough already about wolfram alpha the next google, or the next cuil",neutral,neutral
"and how its already been 1 year, itll be wwdc 2010 before you know it",neutral,neutral
omg i realy cant sleep ughh,negative,negative
guess i have to get dressed and be pretty then,neutral,positive
ur really the sweetest person ever thanks for making everyones dreams come trueps my dream is for u 2twitter me back x,positive,positive
apparently today is happy star wars day im suppose to say may the 4th be with you,neutral,positive
"hey sam, happy mothers day",positive,positive
clean,neutral,neutral
chowder is the,negative,neutral
"aww , its ok,we ended up getting in later than expected and didnt goi would of called you if we were able to, c u n austin,",neutral,neutral
listening to someday well know its raining,neutral,neutral
"beer, smoki and lucky strikegood times, good times at workdrawing stuff",positive,positive
"cool, not a big user of dm though",neutral,neutral
"im definitely makeup challenged so, curling lashes and tined moisturiser does this tip come with a glossary",neutral,neutral
watching justin timberlake on snl,neutral,neutral
thanks that was quick,positive,positive
"oh, sweetie, im so sorry thats the last thing you needed right now hugs",positive,negative
hmmmmï½being home isnt all great,positive,positive
just took over the most endorsed spot on twindexxcom thanks to the endorsement by,positive,positive
if i had one wish it would be for my friend j to not have to work,neutral,positive
geoff posted a boo coming home from tenerife boo,neutral,neutral
is very cold,neutral,neutral
gets to go home im here until 1030,neutral,neutral
i ake it youre at work then and not lazing at home on a sunny bank holiday,positive,neutral
is wondering what happened to all those froggies at the potato farm,negative,neutral
it sucks no matter where you are im gonna freakin be late for work,negative,negative
sleep work tomorrow,neutral,neutral
happy mothers day,positive,positive
"going to watch a dvd with hubby,eagle eye, twit u all 2morrow, cia",neutral,neutral
i agree i missed a lot while i was away and busy and now its like a whole new place,negative,negative
2nd to last episode of jay leno itll never be the same nite twitter,neutral,neutral
"beer, garden, ipod, friday night, shame ive got to work tomorrow",neutral,neutral
a new baby how exciting congrats in advance,positive,positive
awake slept in a little cuz no construction now studying bio alllll day but i dont mind,neutral,neutral
"_live thats what i want more the better bound to be a few bad eggs though, but they will soon learn",neutral,positive
is going to have one upset daughter in a bitmr rat took a sudden turn for the worse and didnt make it,negative,negative
my camera is brokennn,neutral,neutral
broke my carafe went to starbucks for my caffiene fix and the lights go outjust for a sec but are you kidding megot to laugh ha,neutral,neutral
my stomach is killing me do i cant sleep,negative,negative
no money and no car,neutral,neutral
bit of sunshine out there and it perks us all up especially when you have a mountain of towels to wash and get dry,neutral,neutral
ok gotta get my sub before everyone wakes up,neutral,neutral
ooohhh i understand i never get sick of her so im on your moms side i guess your dad just likes what he likeslol,positive,negative
is charleston bound for the day,neutral,neutral
good morninï½everybody happy mothersday to every mom,positive,positive
about to hit the hay who came up with that goodnight world and all those who inhabit it,positive,positive
oh no i woke up accidentally how can we get you to fall asleep should i scare you with p2 or p3 stories jk,negative,negative
"how tough was that, just wanted to hug her like my own",negative,positive
er yea am i doubly awesome now,positive,positive
definitely dont be offended im messing around with various twitter apps and strange things keep happening,negative,negative
a thats sweet ttt im sure she will love it your a good son,positive,positive
"not making good time, chicago traffic photo",negative,neutral
is not watching star trek tonight but is heading to a lovely dinner and fun board games night with,positive,positive
breaking the daily build broke my daily plan as well,negative,neutral
i miss yoooooooou my poia,negative,negative
so cool to hear you guys on 1045 and i cant believe you in were cherry hill a few weeks ago and i missed it come back,neutral,negative
"just came back home from ne gig, another fun night skankinwhat a workout",positive,positive
i couldnt sleep today either it was hard for me to stay asleep for some reason,negative,negative
hey i dont know how to use this _,neutral,neutral
i do now lol,positive,neutral
youre back,neutral,neutral
i want to panic,neutral,neutral
are you daft your now going to recieve a million friend invites on xbox now and one of them shall be me,neutral,neutral
my best friend is comingexcited,positive,neutral
"bah, here i was out in the sun in my new hammock, drinking beer, playing the guitar and singing, and the mosquito chased me inside",negative,neutral
"first year in ages where im not going to the crafty raft o i dont mind though, i dont even like the crafty raft",negative,negative
i love it tell me it didnt match my shirt perfectly can you just not move please what am i supposed to do without you,positive,positive
_dude very nice good night,positive,positive
im having no luck either doing my nut in who are you hoping to see,negative,positive
its raining so chocolate world it is,neutral,neutral
lady thinks shes watching scrubs delusional shes bailing on our plans,negative,neutral
these dogs are going to die if somebody doesnt save them,negative,negative
whuahahhaha you need to cut down on them bram ladagesapplejackspancakes,positive,negative
_kearley thats twitter for you,neutral,neutral
britains got good weather i wish i had some of that over here,positive,positive
"thelma, rebeca, fernanda symonds, fernanda cordova",neutral,neutral
holla happy early mothers day,positive,positive
kinda may have chickened out,negative,neutral
i cant has blocked me i cant even request,negative,neutral
but i got dibs on sulu,neutral,neutral
dont think me ugly but tha dumb is lookin a lill betta an he know it,neutral,negative
tell everybody i said happy mothers day love ya fan love you miley you rock,positive,positive
sometimes i wish i had my own prototype mentor,neutral,positive
good morning everbody,positive,positive
perez the youtube video isnt working,neutral,negative
want me to walk with you x,neutral,neutral
probably not i hate when that happens,negative,negative
i didnt headbutt anyone not that i know about anyway you ok today football today,neutral,neutral
"living in my studio, sounds very important oh mildura is totally boring mhhhwhatever byeeee",negative,negative
ugh waiting interminable,negative,negative
happened to me the other day was wearing a necklace that made a white spot on my chest,neutral,negative
"as a kid, i remember searching with the local video store owner in a godown , got a video tape with fungus badluck",negative,neutral
hommmmmme good day,positive,positive
just found out i wont know my uni results for this year until 17th july at the earliest hate the wait,negative,negative
"hahahagutted its his birthday soon,so hell have to wait until then haha",neutral,positive
tell your grandmother i say hello,neutral,neutral
i hear tonight is the last jleno show,neutral,neutral
restoring new itouch 2 excited to use it yeeeeeeeee goodbye itouch 1,positive,positive
diego i know lo ame a jack,neutral,neutral
lying in bed with my most favorit girl in the world happy mommys day to me,positive,positive
i know i need to get their cd somewhere hopefully they sell it here in finland,positive,positive
"entonces estas perdonada porque sigues a tom conrad, who we all know is made of awesome",positive,positive
ahhh my satz blend didnt save,neutral,negative
still the courthouse happy to have a job sad its this one,neutral,negative
also just spoke to my 3 ï½tearï½,positive,neutral
points at the gear question i just posted i cant get the rest of my dreadweave set,neutral,neutral
installing a new hard drive gotta redo everything though,neutral,negative
"spent the entire morning in a meeting w a vendor, and my boss was not happy w them lots of fun i had other plans for my morning",neutral,positive
o i just accidentally listened to rick ross,negative,negative
"good god, no you can fit very few swear words into 140 characters",negative,positive
my goodness i go single and goes crazy haha this i like being single too much i do what i wantholla,positive,positive
"good luck with your breakfast search but here in the us, i have to go to bed lol goodnight david",positive,positive
2 days till birthday i just hope the weathers good and it best be good on thursday and friday otherwise il scream happy bday keiron,positive,positive
"hey tom, im happy that youre enjoying brazil, but im sad cuz im not goin to see you in your show",neutral,positive
i would if i wasnt working today,neutral,neutral
"wool, time for the top cote",neutral,neutral
"happy mothers day my mum also to my sis and my mum jess, ahah",positive,positive
watching little bear,neutral,neutral
"of course, the evil day job wants me to stay longer i need to win the lottery",positive,neutral
wrapped up some htmljava work now spending the night dabbling in some flash intros,neutral,neutral
_stained i love it that is just so awesome,positive,positive
another onethose were taken at 3 am met u see i have a real sleeping disorder,negative,neutral
celebrity sighting spongebobs here lol now im even more distraught i missed it,negative,neutral
"oh my gosh, loved it",positive,positive
june gloom is upon us,neutral,neutral
i take it youre not a fan,negative,positive
"sorrybut, i bet they arent that bad",neutral,negative
is upset that he didnt get his 24 fix tonight,negative,negative
_yeah i know the feeling good morning mate,positive,positive
"as nerdy as i am, i just found out it was star wars day today i love you d",positive,positive
it depends if you are having fun or not,neutral,positive
"hugs okay, just making sure",positive,neutral
gnite fukn nite wanted sum pinga but couldnt get any,neutral,neutral
"plane tickets to uk and everywhere in europe are beyond cheap for juneoct, but theres no gig in the near future announced yet",positive,neutral
and omg whats this dirty letter from danny everyones been on about its absolutely none of my business but i still feel left out lol,negative,neutral
im still waiting to find out what stands for hoping its not what i think it is since you me for,neutral,neutral
good morning guys dont forget today is mothers day mommy i love you youï½re the best 3,positive,positive
im going to open up proverbs and get as much wisdom as possibleim hungry,neutral,negative
still in same queue barely 1 metre from where i last twittered this is insane and i paid for this,negative,neutral
is going to the derny race with sofie cindy and ill see eric there,neutral,neutral
oh great hope youll have a blast there,positive,positive
in my room its too warm windows open but im still cooking,negative,neutral
aww thanks jon thats very thoughtfulu know how to make the ladies feel special,positive,positive
till then ice cream,neutral,neutral
naisee is it bad that i can see lens flares all arond me while listening to it xd cant really catch what theyre saying tho,neutral,neutral
i did for years and then moved over to an ibm compatible would love to have both on my desk can you call me a techie,positive,positive
i wanna go to the borgata tonight if rich is playing,neutral,neutral
about to lock in on getting better staying,neutral,neutral
"alright, so day was going well, but got home, and all my potato salad was gone",neutral,neutral
im going to go check out dj volt,neutral,neutral
congratulations on your shirt btw,positive,positive
compliment taken thanks key is to be yourself,positive,positive
i feel bad for john and kate and the 8,negative,negative
forgot to set the alarm for a 6am ride hope i can get in a few easy miles after work tomorrow racin the gap,positive,neutral
"any legal studieslaw students out there twitter would love a couple of references to cases inolving bias juries, jury nullification etc",positive,neutral
so our bums really do look big it this,neutral,neutral
"i say oh man jovani asks, did you just call me an old man haha",neutral,neutral
"so tired of driving, i really could use a chauffeur",negative,negative
happy mothers day to all the moms out there,positive,positive
i never knew a dentention was so hard 2 get,negative,negative
took a 4 hour nap after work today and wont be able to sleep all night this is a bummer,neutral,negative
its too early,neutral,neutral
knew she was an idiot,negative,negative
haha hell i know ay son hes just making trouble we could take him,negative,negative
"this laptop is going to die, its not working",negative,negative
"or so a month i put my 2 weeks notice in a little over a week ago, my last day is this friday",neutral,neutral
"im at cobra, mexican bird flu hub bar, and hate when they play the 80s mix oh , freeze frame",negative,negative
_roe oh well ive never seen him do anything before so im not gonna say anything,neutral,neutral
i wanna leave after 2nd period cryy,negative,negative
watching the film real women have curves why are good films on in the middle of the night,neutral,neutral
got really sick today text me later nap time,negative,neutral
its almost lunch time for you,neutral,neutral
home wbae myka hes so meann,negative,neutral
i have three hours to do my hair and it still wont be straight,negative,neutral
wow officially i have no life this month lol my friends dont believe me when i say they need to book in advance,neutral,positive
i have been to tara thai a few times for friends birthdays and the food i had was pretty bad,negative,negative
awe wit the snap of my fingers n a nod of my head ur rain is gone lolthxs hit up afterwards,neutral,negative
ya i just got a twitt from somebody sayin it looks like its gonna rain out here on the west coasti aint been outside yet,neutral,negative
"i love old school horror movies more, i got elvira tattooed on my back",positive,neutral
the little wormy from labyrinth sadly passed away today but its ok as hes still around in a happy ghost form aww,neutral,negative
"gotta get up early to spend some time with my mommy before i go to work, so im off to bed goodnight twitter",positive,positive
"last one month due to summer, strawberry is not availble in the chennai markets",negative,neutral
is about to go for a run in this weather,neutral,neutral
"good morning nothing in particular, meeting people and having drinks this evening what are you doing with your monday",positive,positive
ooh ouch lovely weather but cover up sugar x,positive,positive
those were the good days the jetsons comes on right after finltstones i missed it today tho,neutral,neutral
but yeah i like purple maybe thats why p d,positive,neutral
is waiting for sumone to come online,neutral,neutral
"hand up me, im going",neutral,neutral
nothing yet,neutral,neutral
bad day the day you realize what mess youve put me through will be one of the happiest days of my life,neutral,negative
"one of my good friends in the states has it covered now, but thank you again",positive,positive
i spent 3 hours sitting out in the sun picnic lunch ice cream win we should have had a bbq today,positive,neutral
thanks for sharing,positive,positive
getting ready for my first day at my new job,neutral,positive
"feeling better, still coughing not moving on yet its impossible",neutral,positive
"if they recorded it and sent it to people, they obviously meant for it to get out there but if they didnt, i feel bad",negative,negative
isp all sorted i gather cheers for the bday wish too,positive,positive
go to campos on missendon road in newtown ask for ben and discover how great coffee can be,positive,positive
lol to see my king,neutral,neutral
hey why thankyou hows u x,neutral,neutral
thank you id share my sundae with you but its really late and _crane says we shouldnt tell people where we are,positive,positive
im doing an experiement,neutral,negative
soooo high,neutral,negative
ill check it out thanks and good luck with your book bella,positive,positive
getting my new cellphone on wednesday the lg voyager its soo sweet i cant wait that long though,positive,positive
taking in the local art,neutral,neutral
does anyone know how to move google chrome passwords to firefox,neutral,neutral
i started and fisnihsed gossip girl yesertday,neutral,negative
mothers day in 45 minutes west coast time happy mothers day to all the mothers out there,neutral,positive
i want to see you on tour,neutral,neutral
thats soooo pretty mine havnt flowered for years,positive,positive
"im all out of life preservers, sorry but if its any consolation, youre in for something really special tomorrow",neutral,negative
"sorry paul scheuring, but prison break series finale sucked in so many levels",negative,negative
jumped on a train to visit or rescue my mom totally forgot my sweatshirt and forgot to bring my make up first time ever forgetting,negative,negative
had a great time at the block party so did mackenzie,positive,positive
"keri hilson slow dance rockin the out of my playlist right now get up on this song, pure dropper",positive,negative
its bout smoking weed,neutral,neutral
night night twits im so glad i will be waking up to a saturday off work printer has broke though,neutral,positive
"and the 1600th tweet goes to you because wo you, id have no one to talk to at 3am in the morning lol 3",neutral,neutral
my back hurts have a heating pad on it stupid ladder y did you have to collapse and make me fall on my backbum,negative,negative
finished a whole box of ice cream,neutral,neutral
"im not getting any treatments, we are just gonna hang out at the pool and the hot tubs",negative,neutral
got three shots today i cant lift my arms,neutral,negative
wow a nice laptop,positive,positive
pretty_mess you missed all the free shots,neutral,negative
sucks,negative,negative
"too tired, i canï½t stay awakebut i must finish work for sunday",negative,neutral
yes we can make it obama,positive,neutral
"thats it, its the end tears for fears vs eric prydz, dj hero",neutral,neutral
"oooh battlestar galactica is on the other channel its the rebellion episode man, i feel so sad about what became of gaeta i liked him",neutral,negative
i have a fever,negative,negative
trying to not fall asleep while doing ancient assignment drinking some water with ice and lime yum,positive,neutral
goodmorning to youthank you so much for being so kind the sun is out and im going to paint outside,positive,positive
"off to the shelters around me to look for her i hope she is okay, so afraid that she is going to get hit by a car cant stop crying",neutral,negative
aww that sucks,negative,negative
"is so freaking bored on the bus hate being poor, ï½480 return for a 10 min train or ï½2 return for an hour long busipod has no battery 2",negative,negative
aaa new follower hiii,neutral,neutral
"_guy in the past it was ok but since iï½ve got my own appartment, my own caritï½s very difficult to save the money",negative,neutral
clive its my birthday pat me,neutral,neutral
i love music so much that ive gone through pain to play s my sides of my fingers now are peeling and have blisters from playing so much,negative,neutral
hey im a fan from new zealand loving the show even tho we are soooo behind in the episodes haha keep up the good work,positive,positive
is envious of people not in longdistance relationshipsshes all mushy with no one to cuddle,negative,neutral
heard through the grapevine that we might see you around today looking forward to meeting you,positive,neutral
"urgh, i really hate that medicine",negative,negative
greg d you should have cried too l you could have got through i still love you greg,positive,neutral
"wow, thats quite the trip",neutral,positive
waitin for dr dee had lunch with my beautiful lady before that i was on the gym yeah need to loose 10 more,positive,positive
art history quiz i didnt study,neutral,neutral
ahhhhhh i got stitches i seriously cant wait to go to the beach summer hurry up,positive,negative
went to bed last night with the feeling of a migraine coming and woke up feeling worse,negative,negative
ok we found our way now i think tonight lets just let go its dance time,neutral,neutral
"aw im gonna miss my old username nick jonas, shontelle layne, and sean kingston replied to my old username im gonna start all over",neutral,neutral
"got caught in the rain with about 7 people now, probably just gunna watch smallville till i fall asleep",neutral,neutral
"square b she is sad because she wasnt there and now shes, well, square crocheted bee with poly fibe",negative,negative
ummm sure i miss yall alot too i think you know who i meant,negative,negative
uuuuugh i hate i missed interview i wasnt at home darn,negative,negative
playing with image,neutral,neutral
my computer got screwed to hell by viruses i just finished wiping the drive and reinstalling windows xp i want a mac,negative,negative
i hate it when i am in pain,negative,negative
tgif its a gorgeous day in reno today and im stuck inside,neutral,negative
beer pong at 6am with jess,neutral,neutral
"pepsi throwback, you taste so good in my belly",positive,positive
"_at_work agree totally, think though if we can take a point off everton and liverpool beat man city we are happy days",positive,positive
"this is for nicole ï½ its raining, make sure you bring an umbrellaï½ see its not about the pack train im on today",neutral,neutral
will maybe have my cell phone soon yeah,positive,neutral
thanks so much to everyone who came out to speakeasy last night what a hit wonderful to see you all having fun june will be awesome,positive,positive
reading through todays paper along with some watered down coffee compliments of my rents,neutral,positive
great night hangin out with my family mom and dad loved the extra company tonight cant wait for frc pcola tomorrow,positive,positive
"wow you really are a pretty talented lady, most impressed",positive,positive
touchin the starss,neutral,neutral
"got my tattoo fixed today, and it didnt hurt to much, thank god cant wait to get the next one",positive,positive
i agree,positive,neutral
on my flight headed 2 denversee yall in a min,neutral,neutral
"_x haha, you sound like lizzie l shes got a sister who is older than her, and shes like argh all the time",negative,neutral
so thats how u spent ur weekend so far,neutral,neutral
"is at my grandmas place with my mum, celebrating mothers day in 3 generations the 4th will come",positive,positive
"california waiting, every little things gotta be just right putz, adoro essa banda",neutral,neutral
"but iï½m for smaller companies rather than bigger ones itï½s not like i have worked at a big company to prove it, though",neutral,neutral
leather jacketsuncomfortablenot my thing,negative,neutral
ayy okayyy it was nice seeing you kanina i like your hair,positive,positive
"truck has bit the dust, dont know if ill make the mustangs game tomorrow",negative,neutral
"loves summer and dont forget people, tomorrow is mothers day",positive,positive
feels disappointedmahirap talaga magsupervise ng tao,negative,neutral
cleaning,neutral,neutral
ive read about those theyre cool you should definitely get one,positive,positive
"now im in the work , i miss my home, any news",negative,negative
finally going home its been a long night ready to crash and have awesome dreams,positive,positive
molly was born on my birthday cue twilight zone music,positive,neutral
son wtf she just bit holes in the bread who does that why has god forsaken me why,negative,negative
thank you,positive,positive
"my original nonyahoo acc was deleted when they got boughtout but its not too bad, i dont receive any yahoospam from it",positive,negative
is myspace mobile free or do u have 2 have credit cause they are liers,negative,neutral
had a dream i brought and to kings island it was pretty sweet bummed theyre in poughkeepsie 24 hours before me,positive,positive
"oh yeah,your mom told be about that i thought you meant his twitter id i was very confused that sucks sick",negative,negative
excuse me theres me jkidding lolso how long b4 yr fun night out starts lol,positive,positive
"morning sports day today, and i have to do the threelegged race with mr pettigrew said im not aloud to trip her up",neutral,neutral
"methinks its time to read a dolls house streetcar and get some quotes, and then physics",neutral,neutral
_in i loved that movie and i miss raul julia,neutral,positive
im a new french girl in twitter and i speak english very bad,negative,neutral
yep or it should b automatic that if u fall 4 someone that person does 2or smthng like that but the way it is sucks,negative,negative
yes haahaaa break out the jellybeaniesss,positive,neutral
so what do you do when you wake up morning by the way,neutral,neutral
ops sorry queen mom,negative,negative
sam and sean are teasing me saying they are gonna get wings without me,neutral,neutral
dont worry just sleep,positive,positive
thank you you too i hope this turns out to be a top week for you,positive,positive
"i am native, not french i hate this trying to find animals in french, i suck, someone help pleeeeease alone allison iraheta",negative,negative
i can relate to the frustrationi ruined my wp blog many times during updatesthey warn you a few timesback the up,negative,negative
having first beer in over 8 days what has happened to me and im only having it cause miss 8 wanted to get me one for mothers day,negative,negative
is going to buy a wacom today goood times,positive,neutral
you the the queen of sass oh scenie,positive,neutral
"_rankin and until soy beans have teets, soy milk is not milk",neutral,neutral
heyy,neutral,neutral
"forced myself out of bed this morning, but failed to cycle in",negative,negative
looool chips and ketchup ya waili 3alaiiik lets have some fish fingers im not too sure about baked beans though,negative,neutral
our christian mobile directory is running just a month old visit,neutral,neutral
in bed after a good last saturday in ec im gonna miss this place but cant wait til summer,negative,neutral
"hi there, nice to meet you i am new to twitter and i guess you are too",positive,positive
sunshine is back having a hair day new due,neutral,positive
i think im running a fever and not feeling so well,negative,negative
is sitting in her nans bathroom dying her hair for the x factor auditions tomorrow,neutral,neutral
"but is on page 6 at ms twitterworld, only 26 votes",neutral,negative
listening to we are dead ocean by i actually listened twice in a row because its so short and pleasing,neutral,neutral
downloading the rightreal speedracher now,neutral,neutral
they already are in my books,neutral,neutral
taking the dog on a walkthe weather is perfect rite now _p sucks becuz she didnt come with me hahaha,positive,negative
awake and ready to learn a little more,neutral,neutral
it feels like ages away more than 5 months,negative,negative
hi there nice to meet you,positive,positive
oh no adult school again,negative,neutral
off to work off at 1030lammmeeee,negative,neutral
why you come down in sept thats when i start school,neutral,neutral
_cupcakes sometimes plugging it into 240 can fix problems,positive,negative
my mouth hurts from this stupid retainer,negative,negative
about to clean my room,neutral,neutral
yeah,neutral,neutral
is losing money in vegas,negative,neutral
just made a cake for mi madre im goooooddd,positive,positive
yeeeeah and it was in intro too seen empire top 100 computer games,neutral,neutral
sunnn finnalllyyy aint slept need some sleep,neutral,neutral
had such a great weekend glad its sunny out today,positive,positive
they took my property,negative,neutral
"in math class now, about to shoot myself because its so boring",negative,negative
wow thats one deep sleep wish i could sleep like that one little noise and im awake,positive,positive
ahhh bank holiday slept late now going to dinner in my sisters whos a real monica hahah and im late il get cold dinner now,neutral,neutral
learning to play guitar is one of the best things i have done out of boredom,positive,neutral
they follow my,neutral,neutral
now that sucks pi i s ï½neleg c jay leno nu va mai avea o alt emisiune sau ceva,negative,neutral
it does,neutral,neutral
yukky rainy friday,negative,neutral
already missing my biddy bops home at moms for the night watching my little bro and getting some rest for my birthday party tomorrow d,neutral,neutral
"in fact apparently i was your first follower, 4 before m himself um embarrassed now",neutral,neutral
nothing exciting from me tonightgot some new toys to play with though happy mothers day ladies,positive,positive
just waiting to get picked up at the train station by my bro and then off to the gym cant believe i bumped someone last night,neutral,neutral
just finished watching hes just not that into you loved it,positive,neutral
"i have to pee coffee sooo long until break time 77 more letterswhat to write, what to writeoh, used them all up",neutral,neutral
gnight,neutral,neutral
wishing i was attending i even bought a badge,neutral,positive
swollen faceagain,negative,neutral
"star trek in imax with kojikun, seastar, brian, and george",neutral,neutral
exploring twitters world me 2,neutral,neutral
toasting what seems to be 100 waffles for the 4 farmer kids they sure eat a lot,neutral,neutral
is super happy at the new interest rate whoop whoop,positive,positive
finally get my hands on my laptop just ate the biggest burrito de asada ever and now im gonna get ready for the partyooo,neutral,negative
defo cant wait we will have a nice afternoon and some music,positive,positive
"_ i hope filming is going well im new to the whole twilight phenomenon, they couldnt have picked a better vampire",neutral,positive
"unfortunately, i will be nowhere near the beach i have fam in that area, too",negative,negative
"meee i have a penguin wallpaper on the backround on my phone, computer, ps3, ipod touch and on my twitter",neutral,neutral
off to england during the summer holidays this year yay,positive,positive
hello new follower lang po tweet to meet you,neutral,neutral
loves it when mom and dad come to visit nothin better,neutral,positive
my sleeping beauties i love my grads,positive,positive
there you go dear i love her janelle,positive,positive
"love your desserts used to live in or but now live in tx, so cant visit you",positive,neutral
people dont get into fender benders on the way to school that just doesnt happen hahahahah,positive,neutral
eww dislike,negative,neutral
same here coffee is the lifeline to all things good,positive,positive
last day for seniors bye bff,negative,neutral
im feeling great,positive,positive
another long walk in the heat i hate this,negative,negative
"i cant wait till its sunday, a new episode of supernatural but then there are only 6 episodes left now",neutral,neutral
_rockett i know and he laughed at the stupid womens rights joke wth glad we have the same humor,positive,positive
take a nap bedalii,neutral,neutral
new pickkshaa if its really big then it looks milky yaaay,positive,positive
"masson ill give you the link, its quite handy",positive,neutral
got firefox working again now i just have to get back all of my bookmarks,neutral,neutral
went to bed at 1220 last night woke up around 1045 holy i need to get up earlier like 8 wish i could get up at 6 every day,neutral,negative
too loving i always let negative people into my life,neutral,positive
off to take a math quizon a fridaybooo,neutral,neutral
took a short nap now im ready for work my sun burn hurts,negative,negative
im fine alsoup way to earlylolsoo those r all ur dogs to kut3 i def want a pit lol,neutral,neutral
wish i didnt have to work today,neutral,negative
sure i would like some cream right now,positive,positive
thank you im still not even close to what i had as,positive,positive
ugggh its so nice out i dont want to be working with backup dancers,neutral,positive
i am now cleaning,neutral,neutral
"sus ate, i was so upset, i wasnt informed at all turns out, they told sarms and they expected her to tell me huff",negative,negative
never mind its closed sorry miley,negative,negative
i cant believe this did they give you any reason,neutral,negative
sometimes i wish i was a warden,neutral,positive
please visit and sign up to alpha test a image hosting service,neutral,neutral
relaxing after a busy week and a tedious saturday,positive,positive
my tummy kinda hurts,negative,negative
haha you do that mate btw have you seen a film called american history x starring edward norton,neutral,neutral
im getting more and more followers look out ashton,neutral,neutral
about to get crazy,neutral,neutral
eating oreos and milk,neutral,neutral
dang i just dropped some of my subway on da floor ahh the 5sec rule passed already,negative,negative
i was nice i called you lmao,positive,positive
that would have been fun but we were soooo tired yesterday long day at the office just did dinner and crashed,negative,negative
hey heyim only finishing on the 10th of june,neutral,neutral
"_beery yeah little rough this morning but more tonight, and tomorrow night if all goes as planned caloric intake off the charts",negative,neutral
i want van basten to b the milan manager,neutral,neutral
hey mar i miss you also yeah but i gotta find a stupidstupid school,negative,neutral
i think my phone has officially bit the dust,negative,neutral
dont follow your dreams chase them richard dumb who i think is very smart,positive,neutral
ah lol okay thanks,positive,positive
"yeah, big chill here too good foods, good music, great weather have a cool day bro",positive,positive
im mad it wasnt scarey,negative,negative
at workthinking about the rest of my finalssummer almost here,neutral,positive
need to get a hand,neutral,negative
no money no honey hehe too soon sorry,neutral,negative
hey there its a glorious morning mondays animation mode on,positive,neutral
"omgness its 1118 pm and i need to beup early to set up my garage sale it starts a 8am, wish i said 9am im beat",negative,negative
lol sorry bout today did u get them what else r u guyz doinq cuz i have to c if im eligable howeva itz spelled lol,negative,neutral
they dont do car audio,neutral,neutral
i would but i have nowhere to go and no one to go with,negative,neutral
cant sleep sucks the one day i have to sleep in and i have to get up and go shopping with mom ugh,negative,negative
at least you made it,positive,neutral
"at rocky cola diner in whittier tonight with teacher pal mr b, we had a great time chatting but no one else came",positive,positive
uh what does that mean,neutral,neutral
just cried all the way through the final episode of er and the previously on er documentary about it,negative,neutral
"yesterday was fun 1st concert of the year i know, im late xd buena vista social club live for free",positive,positive
heading out to do a relay in the belfast marathon,neutral,neutral
noo im in miami and i just wanna lay out in the sunbut the rain has stopped me,negative,negative
dont ya know people love the human society,positive,positive
"can you dig it, sucka booker t former wwe wrestler",neutral,neutral
yes i do,neutral,neutral
_rabbit_ i have been begining to think you are showing signs of becoming a sped haha love ya,positive,positive
"lol thanx, me too",positive,positive
"im jealousi need 2 escape 2, lol",neutral,neutral
my stomach feels like its touching the groundim so full,negative,negative
this is a horrible day,negative,negative
screen on the green started yesterdayahhh i missed it,negative,negative
"thats it, rub it in that ur seeing morrissey il just go and cry in the corner x",negative,neutral
recorded some of a new song today u wont hear it for a long time thooo we might play it at shows tho so comeeeeee,neutral,neutral
"a surprisingly good day, now its time to sleep hopefully sweet dreams await me",positive,positive
arrr exam is on next week im dead bwahahaha i love you btw,neutral,positive
omg are u still naked 1313 xdd omg i miss you so muuch,negative,negative
goodnight everyone,positive,positive
happy mothers day to my momthat lady is the coolest i love u ma,positive,positive
what the hell ross where is hugh laurie he was supposed to be on tonights show,neutral,negative
i thought it was a simple one i found it hilarious,positive,positive
happy mothers dat,positive,positive
add me up friendster,positive,neutral
"f3 w demo aero wheels louder, but they cut like a knife u will hear me coming, passing on your left",neutral,neutral
this was the first 1,neutral,neutral
i have to choose between and _fc on sunday and wins im shattered why cant i be healthy enough to go to both,negative,negative
"last heroes ep until sept sick drugged for past 3 days dr says lacking in everything, esp get this sunshine",negative,negative
one of the fake yous followed me haha i so wish it would be you instead,positive,positive
congrats to all graduates such a beautiful thing big deal i jus wish i cudve attended my lil man ryan kdg graduation feel very sad,neutral,positive
"were you able to watch it online i hope you were and yeah, belinda jensen was really good",positive,positive
gonna go drop some logs in the pool back in 15 min,neutral,neutral
its going to be a good week,positive,positive
thinks his haircut isnt as bad as it looked yesterday still bad tho,negative,negative
"i wanna play with you tonight pout, pout side face",positive,neutral
"it does but the screen is dark so when i click it, i hang up on whoever im talking to",neutral,neutral
game starts in 30 min,negative,neutral
itd be really hard to give up my chocolate while reading does chocolate count as a food,negative,neutral
wow i just had a two hour conversation with someone on omegle it was amazing,positive,positive
"charter is pissing me off, the rest of the internet can access my blog except me should have it fixed soon they say, we will see",negative,neutral
so annoyed i missed mitch benn lemon tree you whats on,negative,negative
"paving your own road is intelligent only if nobody has gone exactly where you are going, come follow me",neutral,neutral
glad u feel like cooking im so tired,neutral,negative
we bought a pool instead of going to california now the pool is broken and we have wasted our vacation money for the next 23 years,negative,neutral
"off work, trying to relax for about 30 mins before ive gotta go back to sleep",neutral,neutral
you ever come across something that reminds you alot of the one person that completely broke your heart cause i just did,negative,neutral
im not letting reach sink thats for sure im still presenting and joint hon owens mon 8pm10pm im sat 2pm4pm,neutral,negative
went to get my car inspection sticker got gigantic red r one just keep piling it on i can take it dont worry about me ill be ok,positive,neutral
you know the nds torrent file for it and i am guessing u have ghmettallica christine brought it today for the ps3,neutral,neutral
my monitor wont turn on this can only be the work of my mother,negative,neutral
"the wee girl started crying and her mum came on, was such a shame",negative,negative
i use newsfire works like a charm,positive,neutral
"beers whiskey awesomness, work in 8 hours sourness",neutral,neutral
off home ill from work this man flu is hell,negative,negative
tps reports,neutral,neutral
ugh my dad just told me to read an article about kavya shivashankar the spellin bee girland be more like her,neutral,negative
"getting some dms asking where i fell off to the past few days i was sick, but am all better now i appreciate the concern game on",positive,negative
mount dishes have been conquered dish land is ours,positive,positive
i dont like being sick when the guidance counsellor is supposed to take me 35 other kids out of school for bowling pizza,negative,negative
"im 20 believe me, ive tried im just too ginger freckles join up on my face thats it get it out a bottle cancerfree",neutral,neutral
"and ooh, you changed your twitter name i approve whole heartedly",positive,neutral
cant sleep people keep textin me,negative,neutral
on jacksonville beach walking in the cold water but have to work in the morning ily,negative,positive
"so i was just angrily told i was extemely abusivementally, emotionally, physically it made my day nightss",negative,neutral
im going to cardiff today shopping,neutral,neutral
thats not good to hear i hope everything is finei will keep you your family in prayer i love you isabela uribe,neutral,positive
im depressed i want to know you and kiss you all,negative,negative
im not gonna be here when the new transformers comes out ill be in colombia,neutral,neutral
idiotattove_liden thnks for the follow tove ddoodm,neutral,neutral
macs ftw btw just because and if youre still using the grandaddy pcs you lost at life jp not really,neutral,negative
haha lacey just shutdown the livestream party time,neutral,neutral
"every time i succeed with a code, i get were sorry your credit card has been declined at this time",negative,neutral
sighs wheres my candy,negative,neutral
"bad words are a crutch, they lead to tattoos and peircings hahahaha",neutral,positive
haha i remember that that trip was fun i miss miss miss miss miss chu,neutral,negative
good nighthave to get up so early tomorrow,positive,positive
hahhaa okaay ily lmfao,positive,positive
"loving your music , had a good recommendation from someone who knows his stuff",positive,positive
yeah that sounds more sensible thought you had a heston bleumenthal moment of genius somehow,positive,positive
we drove summahkayy,neutral,neutral
almost lost my phone,neutral,negative
_i_am_jes yay congrats im afraid to check my grades,neutral,negative
okay i feel really sick now,negative,negative
got a new dog,neutral,neutral
"sure you will tweet about this when youre back, but news is abuzz about tr knights leaving confirmed today muy triste",negative,neutral
"you people are missing the point here, instead of loosing followers hes gaining over 50 new ppl in 6 hours",neutral,negative
terence cao overdose im fainting,neutral,neutral
mmm someone come havelunch with me,neutral,neutral
my mom likes milows version of ayo technology its a good thing she doesnt have a clue what its about,positive,positive
"morning sweetie, you cool",positive,positive
really ill atm,neutral,neutral
didnt have my camera with me totally regretting it now,negative,neutral
good morning everyone time for work,neutral,positive
goodmorning world,positive,positive
epic moment hahahha i swear i really wanna see it,positive,positive
_hayes im at sharkeez,neutral,neutral
im gonna cryyy my car looked so good clean and its raining i always do thiswash it right before it rains,neutral,positive
ahh when i was there it was closed,negative,neutral
had a great day,positive,positive
well wassup than dont be scurred now lol youd probably like it if it came to biting,neutral,neutral
"still playing wii fit lol fun fun fun,, movies tonight ill upload photos i took today right now check next tweet",positive,positive
"my daughter went to a bday party today caled, grace of cakesthe little girl is named grace they made cupcakes",neutral,neutral
goddamnit if we live in an age of constant communication why cant anyone return a text,negative,neutral
why thank you couldnt resist it,neutral,positive
why do i even try when deep down inside i kno there pain on the other side,negative,negative
go to bed mister u need your beauty sleep,neutral,neutral
looking for a vibrating phone is like trying to find a feeling,neutral,negative
i fell for austin taura hanafiah even morreee shoott a guy shouldnt look that yumm hahaha,positive,neutral
you traitor whiskey and coke is my aphrodisiac,neutral,neutral
"bummed i didnt get to see manchester orchestra bc it was sold out, i spent all night buying tv shows on itunes lame",negative,negative
thanks dude being a low level business man its hard to get normal credit cardsalso our place is not listed with any bank,neutral,positive
saw xmen origins on sat by far the best xmen movie amazing,positive,positive
i want it now finally found what i wanted,positive,neutral
_nation just launched twittix v110 not convinced,negative,negative
wants to go sit in a park but should really be painting the bathroom,neutral,neutral
posted a few pics of my college on my myspace,neutral,neutral
first time in my live that i got a little pop up on the taskbar saying that one of my files was corrupt and i needed to run chkdisk,neutral,neutral
_lhoste thanks you so much for following me on twitter i hope you find it as exciting as i do looking forward to your tweets,positive,positive
yupp ts better than people being rude to her x,neutral,neutral
baby im in maryland im not gonna make it but i will see ur sexy next sat in camden vipcome early n hang,positive,neutral
is sooo stressed about everything i have to do,negative,negative
everyone on the eastcoast the rain hates us lets just all fly to cali lol,negative,neutral
"_stiller they sure do more than 40,000 to boot",neutral,neutral
thank you sana matanggap ako,positive,positive
you coming on myspaceee if yr doing work though dnt bother,positive,neutral
just got a new ipod lifes good,positive,neutral
just had a great talk with grace about how awesome god is and how he worksthat somehow started with how remote controls work,positive,positive
bed rest for all weekend and next week neomonia suck,negative,negative
ughhh my leg is still cramping from my panic attack outside ulu this morning bloody hurts,negative,negative
rain why must you come after i flat iron my hair i have been rockin my curls for 3 weeks and today you decide to come out not nice,neutral,positive
"grrr, people suck i cry when animals die on nature shows these people are sick no hunting endangered species",negative,negative
thanks,positive,positive
whew moving commercialsized freezer and cooler a lot more work than i expected missing the htc roundtable,positive,negative
is finally gotten online after logging 200km over the last two days on errands as the family driver,neutral,neutral
"i havent been replying to people because seriously, i havent refreshed twitter for a while sorry thanks",neutral,negative
just downed 10 live abalone sashimi with 2 bottles of sake with fatherinlaw very happy,positive,positive
adventures with jamie and bethhh,neutral,neutral
interesting combination have a great one,positive,positive
thats all,neutral,neutral
where has my sleep run off to,neutral,neutral
strike one three and im out,negative,neutral
little bottle jus for me,neutral,neutral
so tired after workbut i have kings bounty addon and a vampyre story for a evening and xmen comixes is completely donloaded,negative,neutral
"im kicking it though feeling a little sick alternating talking to friends, gaming, watching the playoffs, and writing an application",negative,negative
paid bills we get water and electricity for another month woot,neutral,neutral
i cant help it if im a grammar nazi,neutral,negative
thx for the follow,positive,positive
is very disappointed that cadbury chocolate blocks got smaller,negative,negative
have decided i just cant stand s alltop spam any longer,negative,negative
you deserve so much better hang in there good things come to those who wait,positive,positive
and movies too,neutral,neutral
yeah i kept rethinking it because noone that i knew would want to go with me lol so i ended up just didnt buy them,neutral,neutral
i know but it will make us all watch the awards on sunday loli want to shower and there is no water,negative,neutral
"i havent got any cupcakes yet i was hoping if i said it enough, some would appear",positive,negative
"im soo happy kellz is back from tn, we bout hang out all the time",positive,positive
jordan baby was talking to me i wish i coulda met you ugh,positive,negative
addicted to glee watching the video over and over againi should be out,negative,neutral
yeah but i missed it 2nite,neutral,negative
"wow, youre cars awesome have fun with alex",positive,positive
good nite everybody baby boy,positive,positive
"i recommended net, i guess since they bought something from you they featured you hopefully it brings in more business",positive,neutral
haha i bet a man did make heels im sorry you hurt though i hope you feel better livelovesing,neutral,negative
ha i knowim very ashamed,negative,neutral
couldve said hi were off down south tho,neutral,neutral
"who starts a briefing at 730 am people on the east coast, thats who",neutral,neutral
thank you thats really of sweet of you,positive,positive
sad day told my students this is my last year here a lot of crying since,negative,negative
rough start to my day taking this one off from don so as not to spread my bad vibes hope you all have a great weekend im outty,neutral,positive
translate xmind to your language,neutral,neutral
im comin wit u,neutral,negative
congratulations check that one off your to do list,positive,positive
"_rankin yep to you buddy long time no talk, hows things and i see your cat still like sinking fangs into your ankle lol",neutral,neutral
im sadtheres a for sale sign in front of my house,negative,neutral
_laurie your dad is a superman for pulling through take it easy,positive,neutral
had the best weekend,positive,positive
"i know, right im superexcited i told yall this is the busiest time of year for me",positive,neutral
"baking experiment results delicious, very sweet, very rich almost too sweet",positive,positive
"_aston welcome to twitter let me know if you have any questions, would love to help",positive,positive
starting to get annoyed with socialscope need an update,negative,negative
id give anything to be there too bad im in tennessee,negative,negative
"feels a sinus headache brewing, but cant take drugs",negative,negative
well gotdamn girl i dont know what else im sleepy again grrr,neutral,negative
wish i was in chicago,positive,neutral
momentum works but jeff will have a hard time from 42nd,negative,neutral
youre in harlem where im so jealous right now i miss living in nyc,negative,negative
loved our lil tentside jam sessionmosh pit edgefesssssst,positive,neutral
_da_ ï½ cant im not my sister house no ï½net tonite,negative,neutral
"what makes me sad is when i follow someone i converse with and have similar bios, but they dont follow me back",negative,neutral
"gots my beathing suit that i ordered from victoias secret but i have to exchange the bottoms, so i have to wait another 2 weeks",neutral,neutral
let me know how it goes im praying ummmph i still cant believe it,positive,neutral
at tokyo table,neutral,negative
watching say anything great 80s movies and the starting point of my love for john cusack,positive,positive
it was on march 22nd in uktoday all quiet here regarding mothers day very sweet of u to wish thoughthanks,positive,positive
i was going to send you the photo by dm but cant as you not following me,neutral,neutral
i am not happy at all,negative,positive
when oh when are you coming back for a gig in scotland i had tickets to see u last year but was in hosp wit gallstones,negative,negative
"have a great night, it was so nice meeting you last night you are a sweetheart xoxoxo bye for now",positive,positive
ive listed lots of new beads on ebay,neutral,negative
now im fully awake,neutral,neutral
ok bye alex have fun today,positive,positive
"hey fused gaming, fusedgaming forums have been delayed until 9pm pt12am et tonight sorry abean2007 live",negative,negative
meow a week ago today was here and we were road trippin,neutral,neutral
meeting the boy,neutral,neutral
and how are you going to make it up to me,neutral,negative
could be getting sacked soon not good,negative,positive
acsm its unfathomable i think the other one and the is one that should be kept to the comfort of our bedrooms yes,neutral,neutral
gprof problem on mac why,neutral,negative
"in pain,, poor me, i hate the sun",negative,negative
one week till exam block,neutral,neutral
gettin home frm hangin with herman,neutral,negative
"so why should that matter i bet you would be great at it i do its what you love, right why not go for it",positive,positive
i realy wanted to go out cause its so nice but everybodys busy,negative,positive
"_n_dc amendment 45 the right to be big pimpin because gotta say, a positive right at best man, 2nd time tonight w this thrd",positive,positive
math class ugh rather be a class act quiz gotta act fast,negative,neutral
i really should have gone to the chiropractor this week and today my neck hurts so bad,negative,negative
"had a good day driving up mountains, visiting katie, eating chips fudge and stocking up on lovely smelling soaps",positive,positive
heading to a wedding,neutral,neutral
i hate feeling like this,negative,negative
not the best way to start your day,positive,positive
just wanted to say hello,neutral,positive
is downloading new fonts again,neutral,neutral
"alright, sorry but i think you should go anyways",negative,negative
jaunty jackalope s too boring a name intrepid ibex is still my favorite among them all,neutral,negative
working on some product buzz product reviews for the blog have a pain in the back of my neck,negative,negative
hi to all twit friends happy mothers day to all the beautiful and amazing mothers out there,positive,positive
"lmao shush with my illness comes the joys of multiple mouth ulcers, and i think they are coming back they just healed",negative,neutral
one of the estate agents next door just caught me singing along to wham,neutral,neutral
"harrump gagging for beer, noone wants to play",negative,neutral
just got back from apple store in robina managed to get a replacement iphone because it couldnt access the web properly so shiny,neutral,neutral
"good morning tweetie world have a great day, everyone",positive,positive
refusing to accept that the us holiday is over heading to woodies longboard diner in um hove,negative,neutral
_tech i just woke up a little while ago i did sleep a couple of hours lol im wide awake now,neutral,neutral
"oh according to mom dad is going to try and take 23 weeks off in sep to go to austira, and just wrap a vacation into it as well lmao",neutral,neutral
"reminders are good speaking of which, we havent had a posture check in awhile",positive,neutral
"as old as the answer to the ultimate question of life, the universe everything thats 42, for all the nonhitchikers guide fans",neutral,neutral
is at her nans house eating fish and chips and watching top gear good times,positive,neutral
saw hannah montana movie today was the best was awesomeeeeee hannah and miley rocks lol,positive,positive
we saw that in none 3d the baddies the best,positive,positive
loadsa shizze has happend im so upset,negative,negative
"thanks for adding me, glad to have you",positive,positive
im contacting paws philippines so i can find tiger a new owner im so sad i love my dog soo much,neutral,negative
"trying to learn for my oral exam, but im too distracted",negative,neutral
ive got an urge to make music like massively im going to the studio,neutral,neutral
our love goes out to you kanoa sorry for your loss dear,positive,negative
memorizing the first 18 lines of the general prologue of the canterbury tales ughhh,neutral,negative
finally sunny days and im too sick to go outside and play,negative,negative
listening to obama with one ear listening to music with the other,neutral,neutral
added 30 minutes to morning sleep by cutting out useless today show feels nice,positive,positive
"boys are stupid, throw rocks at them",negative,negative
"ride bmx on the beach in burgas, after careoke night",neutral,neutral
bye plurk out muna will be back when im done reading the book,neutral,neutral
_bloggerific ha nice try i will outright deny any accusations but good luck with that,neutral,positive
"today was better my panda can eally cheer me up i dont know, i am happy, like the legit happy",positive,positive
"impressive fever best wishes to her, hope its nothing serious",neutral,positive
ugh plane delayed due to weather stuck with another hour to kill,negative,negative
i love me some americana but no movies to see,neutral,positive
wishes it wasnt a bank holiday so he could be on the radio this afternoon but at least he has another week to come up with some ideas,neutral,neutral
hangover,neutral,neutral
im determined to slarm around my house and eat egg sandwiches and smoke a few bowls sounds like a splendid evening to me,positive,neutral
very succesful cancertown launch yesterday,positive,neutral
hand hurts,negative,negative
mexico city traffic beating the rush hour to make it to the aeropuerto,neutral,neutral
lettuce spinach does best in cool weather i live in floridanot much luck growing those,neutral,positive
"ah, ok thank youuuuuu",positive,positive
"ugh, frustrating i see a few briefs a week with groups in them, mostly from traditional agencies",negative,negative
whats wrong babe x,negative,negative
"gtg now, listen to cobras new song their myspace, ttyl santi 3",neutral,neutral
wow hehehe mushymushy mode,positive,neutral
wish i was home in time for the today,positive,neutral
i have been getting ones as i mentioned all these girls seem to be at a loss what to do,negative,negative
_lottie not one of my favourite pastimes this weekend is a long weekend here so monday im off to an ice show w the gdaughter,positive,positive
a thanks jon i appreciate that,positive,positive
"true, depends on the couple personally weve found adding more has increased the fun increased our bond",positive,positive
_aguirre now i wish i was going,positive,positive
ive become one of those pathetic girls that feel lonely without their boyfriends hahaha i miss josey already,negative,negative
annnnnnddd another one bites the dust,neutral,neutral
whoa if the alcohol wont get you buzzed the price will,negative,positive
this is scary they hooked me up to 9 wires n it printed sum graph ohhhhhh,negative,neutral
why does zero have to have thomas in it,neutral,neutral
hey whats up did u like the new episode of jonas,neutral,positive
hahaha sa una lang yan i started with 40 minutes ng 5k that was a year ago,neutral,neutral
my thumb hurts after breaking the nail,negative,negative
thanks very much for the my only one today,positive,positive
thinking of summer,neutral,neutral
woke up late trying to get done before work,negative,neutral
so tired and i have to work till 1030 tonight happy mothers day to everyone too,positive,negative
"you lucky girl tell me all about it, kay",positive,neutral
"josh excuse me, but, at what time is it going to begin",neutral,neutral
is working tomorrow all day so cant do anything tonight whats the plan for saturday,neutral,neutral
mon ami since 5 years young i loveeee her foreverrr,positive,neutral
doing chemo,neutral,neutral
"i dont think ive ever been up this early on a sunday in a while meanwhile, the awaits",neutral,negative
done some positive affirmation now back to the japanese yay for bank holiday monday,positive,positive
cant sleep havent finish my homework it,negative,neutral
cleaning finding stuff to sell im so poor,negative,negative
"thank you hows your daughter and by the way, how did you get 1017 followers o",positive,neutral
"i feel really sick, and my teeth still hurt fml",negative,negative
okay for your mom and my mom too,neutral,neutral
ssssssssssmack get back at it girl are you doing ww,neutral,neutral
in drivers ed then dance,neutral,neutral
i wish i could meet you once do u think this will happen someday,negative,positive
"roast was yummy, i think mum was impressed",positive,positive
i just saw a pony that used to live in front of my house again hes developed cushings disease tho,negative,neutral
"i really want to marry leighton meester , cant take my eyes of her",negative,neutral
i just see the video all your base are belong to us whatï½s going on,neutral,neutral
"im officially on holiday a week in center parcs, no internets bye my peeps, see you when i return",neutral,negative
that couldnt be more true i like ur mommas style,positive,neutral
"mothers day breakfast is over, getting back to work now back on rails",neutral,neutral
hope our wishes come true someday,positive,positive
weheyyyy we give thanks for midi keyboards,positive,positive
its official liberty grand is my new fave reception venue will blog some shots tuesday,neutral,neutral
started her new job today aaand so stoked for may long and billy is awesome,positive,positive
hey sorry about your headahce,negative,negative
"why did i get airbrushed , if soon as i put my dress on it messed it up a littleeerrrr",neutral,negative
isnt msn in this case a lot easier hahaha,positive,neutral
tweet us a story x,neutral,neutral
haha sorry she should be in the whole like two people follows,negative,negative
i wanna talk to mitchel mussoooooo,neutral,neutral
ugh i definitely speak too soon,neutral,negative
its friday here in chicagoand im stuck home agh im bored grr,negative,negative
well just remember that tmrw is another day and hopefully wont be as craptastic sorry girrrrl,neutral,neutral
"my sucks because while i was teaching people how to be nice, you were drooling over notion",negative,negative
your new song is amazing,positive,positive
youre so lucky we have 6 weeks until summer,positive,neutral
english class working on interactive orals,neutral,neutral
and there is no top 40 radio station in fresno,neutral,neutral
ahhhh it wont let me watch the video on my phone,neutral,negative
"if you carry your childhood with you, you never become olda sutzkever",neutral,neutral
yeah sucks eh,negative,negative
is about to eat a hot link torta,neutral,neutral
this day jus keeps getting better and better fml,positive,neutral
_jamie i guess i was really suprised,positive,neutral
wee done with advance audit paper,neutral,negative
omg im soo excited ive been waiting for it ever since i saw the 5th one at midnight the night before,positive,positive
sorry to hear that,negative,negative
"250 miles down, only 1750 to go thats ok, u2 on the radio alwas helps",positive,positive
the puppy shall loose his um manly parts today poor guy,negative,negative
sooo glad im home floridia was fun back in atl time to sleepthen back up to work constant grind,positive,positive
"dear daniel, good news from nintendo they want you as a potential lotchecktester hoffentlich wirds was mit der stelle",positive,neutral
"granted, it wont do that, either",neutral,neutral
just got up and going to get ready to go to meadowhall cant believe my internet broke yesterday gutted,negative,negative
"yes, im originally from argentina and very mystic about that ï½ bientï½t de te lire quincy",neutral,neutral
gonna walk around for an hour now i but im totally motivated wahahaha,positive,neutral
"sitting in katies house with jo, the other two are away doing stuff, and i have swine flu and bronchitis but thats a diff story",negative,neutral
"i would love to learn trapeze ive wanted to do that since i was a kid sadly, theres no place where i live that teaches",neutral,negative
sounds like a perfect way to spend a sunday evening enjoy,positive,positive
home not well hate not workin,negative,negative
have fun amorsote even tho u forgot my bday which is today,neutral,positive
lost a battle with the couchphone has been blowing up,neutral,negative
today seems like it should be a good day even though my fuel pump is going out on my car xoxo,positive,positive
"omg taylor and selena broke up sooo sad, aw i think i actually like selena now poor gal",negative,negative
there is a motorcycle for sale down the road mind you itd be stupid of me to get it summer 5 months away,negative,negative
never has a chance of sleeping before midnight my mind is so tired,negative,negative
cant believe i wasnt following you am now have an anatomy prac tmw so tonight im all about structr of the lwr limb,negative,neutral
getting cds ready for tour,neutral,neutral
"sighs, well i accidentally clicked back space on my mouse",negative,neutral
facebook group world leaders,neutral,positive
"i love all da sexy ladiez ya beautiful unique and sexy, and smart dont let a call u a cuz ladies ya worth then dat i mean it",positive,positive
thank you its sunny outside so thats a good start,positive,positive
"i was stupid and didnt get it, now i cant find it i think i have to do ebay but that scares me",negative,negative
the best day ever i met the greatest 10 year olds but i will never see them again ahh ill miss them i saw them 1 hour xd sad,neutral,negative
"bahaha, bof youve gotta get a life although i cant say much with my obsession with miley cyrus ive gotta get a life",positive,positive
shame ive gotto go to work,negative,negative
this chair is not comfortable at all,negative,negative
you know that rule that says always point the knife away from you just learned my lesson on that one straight through my finger,negative,neutral
"great stuff, cant wait to hear it",positive,positive
morning allbeautiful daybest go enjoy some sunshine before i have to go to workunfortunately,neutral,positive
_grl love your new profile pic,positive,positive
rain makes for a good study day almost done,positive,positive
its awful breezy out here good thing they sold blankets,neutral,negative
"thanks, wookieman i test stuff out on you lol",positive,positive
"pavement is boiling hot out there, dogs were limping guess summers officially here",negative,negative
ya i did i seen all them but robert,neutral,neutral
laying alone since mooks soo comfy in his fn play pen i thought it was ill at first now i dont have no one to cuddle with,negative,negative
thinking of what i should do in vegas any good ideas or places that are a most see,neutral,neutral
paranoid i actually like it better performed live rather than the studio version,neutral,positive
live long and prosper,positive,neutral
did you know its star wars day today may the 4th be with you,neutral,neutral
have a biiig headache,negative,negative
i wish there was an i like option like fb for things like this,positive,neutral
"just fyi, there is also turkish star wars rip off here",negative,positive
"praying you get better soon you sweet one , sorry your still not well",positive,positive
lol awesome i have randoms following me,positive,positive
yes,neutral,neutral
ughhhhmad as ppl make me some timesi dont like 2 have 2 do yucky thngs i am not cut out 2 deal w hr stufppls tears kill me,negative,negative
"hi, california is cool here in budapesthungary its too cold and cloudy today but usually its hot in the summer",neutral,neutral
kwanghock it is the hao da za ji pa i miss the food there so much,negative,negative
im sadd sancha june 18 for me is a fail its gonna be you and chini,negative,negative
no blood drives in my area ill keep looking,neutral,neutral
working i am so ready to go,positive,neutral
honestly i cannot figure this twitter thing out,negative,neutral
im still in my my pjs but i haveto get dressed cuz im going to see dancing on ice live,neutral,positive
"snitchsneeker photos were cool but, dang, whats up with all the comments about your chest hair thats just creepy",neutral,negative
weee internet is back here at home,positive,negative
"yeah, jimmy fallon is back to do a skit yay",positive,positive
"it is so unfair, hustlaball, us citizens working here, personal appearances expectations, prowler, can i do that there",negative,negative
no gas plus no money desperation and thats the word of the day,negative,negative
home home last time to step outside for some life,neutral,neutral
twenty minutes on a call you would think that the person would mention there is already a trouble ticket investigating the issue,negative,negative
i hate it,negative,negative
wish you both a very happy and fabulous mothers day,positive,positive
i saw them a few on this tour a few months ago in boston so good glad you finally got to see them,positive,positive
"_j i soo dont wanna work tmrw only on a half day tho so hopefully the sun will stay out for me gonna go get showered, tweet l8rs",positive,positive
y must i hve graduation practiceall im gonna is walk,neutral,negative
you fooled me,neutral,neutral
i have poop on my shirt and a insanely cracked screen on my iphone daaaang,negative,neutral
heading to xs with nadia yeee,positive,neutral
"watching baby mamaagain and eating pineapple, orange, raspberry sherbert",neutral,neutral
i have a broken wrist,negative,negative
taking sad to a whole new level,negative,negative
why arent you at blue martini with me,neutral,neutral
e3 2009 will be the first time i will not get to see g4tvs e3 coverage since comcast moved the g4 channel from basic cable to premium,neutral,neutral
watching some scary movies with my friend,neutral,negative
hey rocstar,neutral,neutral
_monk neither are elp,neutral,neutral
"its prob cuz i dont really like sleeping in late, even if i tried",negative,neutral
time for a clean up,neutral,neutral
_laurie my thoughts rae with you and your family,neutral,neutral
i read the picture of dorian gray by oscar wilde on english its not easy for me but i try to make out,neutral,neutral
"repeat final seconds of game 3 dalden please those officials anyway, happy mothers day",neutral,neutral
genevaaa my picture isnt showing up i dont think im doing it right,negative,negative
a its cool i ate too much ice cream,positive,neutral
"hi susan, read your blog its really good i look forward for the tweet updates",positive,positive
"plan for this evening dinner, shopping for dress shirts, watching up, going to bed plan for saturday funeral for a friend",neutral,neutral
off to glue stuff onto poster,neutral,neutral
i lost count sorry i let u down,negative,negative
is it ok to send iflowers to your mom for mothers day trough this iphone app,neutral,positive
and i didnt get the job,negative,neutral
so tired from school and work shower than neighboures,negative,negative
_online when will the maintanance end i would like to backup some stuff,neutral,neutral
needs my mommy,neutral,neutral
sweet booth at newport but all the people are outside,neutral,positive
watching qi on dave still quite bored not even adam davis can cheer me up and hes quite funny,neutral,positive
"thanks, i feel a lot better now but it hurt like hell good luck with the lousy student writing",neutral,positive
my tree tipped over in the lawn,neutral,neutral
dream of a better world because its coming someone could live off of those words dude,positive,positive
i are lucas till david henrie lovers both boys are very cute but you can have lucas ill have henrie deal,positive,positive
sooo much work so little time,negative,neutral
i is so lonely,negative,negative
listening to the cat snore,neutral,neutral
28ï½ in vancity holy shizz i will be home soon kids,neutral,neutral
trance or drumnbass are awesome for working dances it out,positive,positive
dropping my mum at the station ill miss u mum,negative,neutral
ive got a dentists appointment soon the drill feels like ive got my brain in a blender not looking forward to it,negative,neutral
"haha im jewish, i love that one",positive,positive
"no profile pic or bio, few or no updates, lots of following and no followers zap pow block annoying but strangely satisfying",neutral,negative
"boingo connected without fuss this time, but its slowern snail piss mdw, food count between concourses a and b",neutral,neutral
"i know it just falls right at 1pm my time, like right in the middle of the day",neutral,neutral
used a spare usb flash drive as virtual ram for my pc now its got 56 gb of memory,neutral,negative
"had someone tell me tonight there are only 2 states to be in, qld and pissed",neutral,negative
"well theres you, another twiiter personermdifficult to say really lets just say that you could fit all into a minibus",negative,neutral
sad because i cant go over my friends house,negative,negative
is trying to buy a new biblebut they just arent the samewhy did my dogs have to chew it up,neutral,negative
its still the 4 am hour at home and my day has begun gonna drink a lot of coffee today,neutral,neutral
the puppy is sick and some one put they hands on my momma,negative,negative
have an extra justin rutledge ticket for the mod club tonight,neutral,neutral
is chilling at home,positive,positive
buongiorno woke up and of for my italian lunch,neutral,neutral
is going to help lancey cook,positive,positive
to start or leave alonetough decision,negative,negative
"gooooooood night, cant believe tomoroo is cancelled but still gonna be a giid night, gni cant beat them",neutral,negative
ok deleted all messages and hope they dont come back,neutral,negative
google chrome forgot what everything looks like for some reason,negative,negative
i lost my star trek ring starfleet academy class ring w golden gate bridge on it got it as high school graduation present,neutral,negative
"the day after im not sick but a little tierda bit to much to drink, but i had fun",neutral,negative
i am watchinggg the new video of its sooo good addicted,positive,positive
painting,neutral,neutral
gig was awesome am exahausted and so dont want to revise boo hoo,neutral,positive
"it is very cheeky one, but nice too",neutral,positive
is problem free for now atleast i already said to that person the truth,positive,positive
happy star wars day,positive,positive
"_laurie sending love, blessings healing thoughts to you family peace",positive,positive
"so, i finally got my but on twitter lets hope i make good use of this site",positive,positive
"hows the peas doin if you meet them, tell them i said hello",neutral,neutral
room is so empty,neutral,neutral
"wowza, only the second tweet of my entire trip and i leave in 3 days but first blow up sf tomorrow night",neutral,neutral
wants to go home,neutral,neutral
am getting upset listening to the say now i want to speak to you mitchel but my darn phone got no money on x,negative,negative
no why,neutral,neutral
omg you arent online shock horror,negative,neutral
we should definately be in paris that week if i get a job we most certainly will be,neutral,neutral
is it true there wont be any fantastic 4 sequels i wished they introduced a franklin richards character will they,positive,positive
the veronicas are gonna rock the stage tomorrow happy mothers day everyone,positive,positive
"im so excited for mothers day this has been a big year for me olivia, and shes finally old enough to be excited understand",positive,positive
nope i cant figure out how to get the updates on my blackberry i need to go running too,neutral,neutral
i want it to rain today like full thunderstorm style but it probably wont,positive,neutral
i got into a fight with the pavement i think it won poor little knee,negative,negative
are you still taking calls we were next to talk to you and we got disconnected before you got now,neutral,neutral
comment my new myspace pictures plz,neutral,neutral
ouch acid reflux hurt too,negative,negative
it wont let me,neutral,negative
and this terrible cartoon thats supposed to be mexican,negative,negative
will be lonely for 4 days because will be in baguio,negative,negative
"hii,i freaking love you i would be the happiest 13 year old girl alive if you replied to this",positive,neutral
now the mosquito truck is waking me up,negative,neutral
just cos i dont have an ipod touch yet doesnt mean i cant look at some apps theyre sooo cool twittering in school awesome,positive,positive
"are you coming to sydney cool, where can i meet you id love to meet you, youre my favourite comedian",positive,positive
with matt,neutral,neutral
_1 is leavin bc of racists starts cryin,negative,neutral
dont really wanna go school on monday to be honest,negative,neutral
has decided not to go to uni today,neutral,neutral
soon my new job starts im so happy,positive,positive
you betill be there in spirit im in the uk really lol like the pic btw x,positive,positive
"haha, its okay to be different",neutral,neutral
time for bed up in 6 hours,neutral,neutral
"a bit early to confirm a trend, but daily site signups are still on the rise",neutral,neutral
i got ur back baby much love to ya,positive,positive
i love my puppy,positive,positive
"its sunny atm, need to drop my brother for his classes later, so will find out then",neutral,negative
"didnt know you folks were there, sorry",negative,negative
eeeeeeeeeeeeee i jealous sia i didnt get to seee,negative,negative
"watching season 2, episode 1 of house before bed what a great bedtime story",positive,positive
_storm lucky im still working for another 4 hours,positive,neutral
if it doesnt work out drop me a line i would love to talk with you more about this,positive,positive
i still have a lot of time on my stupid contract 18 months before i can change providers,negative,negative
justwatched the most depressing episode of jon kate everi actually almost cried,negative,negative
a good girl nevah tells hahahahaha hope you had a good weekend,positive,positive
up and reading the maltese sunday newspaper over coffee aaaah glorious sundays,positive,neutral
yesh and that potato guy is online but hes not live,neutral,neutral
was watching downstairs now getting ready for bed piano in the morning,neutral,neutral
hey lovely hope you had a good day thanks for an awsome night and teaching me how to put together a tiehahaha,positive,positive
_christie keep the faith itll be over soon,neutral,neutral
"evil credit card companies god, and just when i was starting to build my credit again i get this stupid ding from them",negative,negative
happy star wars day may the fourth be with you,positive,positive
up already nooooooo,negative,neutral
as do i leopold says hello,neutral,neutral
"spyed princess anne today, and listented to all my friends cooking up the perfect evening, working sucks for me and ob",negative,negative
will have to pare down his collection of portraits of and bangbang,neutral,neutral
its probable bed time hugs and kisses 33,positive,positive
so sweet why arent you out livin it up this saturday night,positive,positive
"_morris congratulations what a milestone for you and your girls im almost at five months, just for one though you rock",positive,positive
"no rockin on the river for me, tonight",neutral,negative
"gonna head to bed then work, then moncton to see jill",neutral,negative
which was so unlike the pos in oakland they hated me,negative,negative
dang that burrito and toaster strudlesp was just a tease im still hungry,neutral,negative
oh yea i didnt think it was open yet they took over ben jerrys i loved that place,positive,positive
woooooooooo are you coming to nottingham at any point lovelovelove3,positive,neutral
what am i gonna watch after bgt bad times,negative,negative
off to friendss for theree birthdayy x,neutral,neutral
so its superstar sunday is one superstar i know,neutral,neutral
feeling nauseous and cant sleep,negative,negative
waiting for the bus back from cripple creek to pick up the twizzler town seems kinda quiet tonite rolynn719,neutral,neutral
it was amazing,positive,positive
happy mother day to all the mothers in the entire world we deserved a day just for us right,positive,positive
im off to a fun filled evening at a funeral home joy,positive,positive
sounds like a planyea excited now,positive,positive
"thinking about having lunch soon, but we have no food in",neutral,neutral
i dont know what im doing s,neutral,negative
"i would do a , but everyone on my list is already on everyone elses list so whats the point im just not popular enough",neutral,neutral
happy mothers day to all mothers here,positive,positive
my body hurt i need a rub down like now,negative,negative
i am jealous of your mom talking to i want to see you all our twittering is making me miss you,negative,negative
"ill have to watch it soon then an i love, new york sweet ill be on the lookout for that",positive,positive
enjoying lazying around eating roses chocolates x,positive,positive
with aubrey at pearl,neutral,neutral
working 930a730p today 15 hour lunch85 hours work overtime good the fact that im already dead tired very bad,neutral,negative
happy anoop day to you monica,positive,positive
you know you love it statk,positive,positive
is thinking so much and im at work,neutral,neutral
happy mothers day nfty,positive,positive
starting my 2nd shift im going to miss like an hour of the lakers game,negative,negative
"well, at least its not as bad as i thought found a new website to watch movies on and i gotta sayits not bad, not bad at all",negative,negative
live from new york its saturday night finally a new one,neutral,neutral
morning are u back in blighty bill hope u had a lovely time away,positive,positive
"plus you guys have icetv, which i really miss from living there",negative,negative
loves it that the first monday of may is a bank holiday,positive,positive
i dont wanna go back to work sleepy time,negative,negative
yes not for putting inside anything else,neutral,neutral
wishes he had realized his wife hadnt held onto the debit card before he took a long walk to get lunch and not after grrr,negative,negative
i cant sleep amp,negative,neutral
sitting at the connection listening to the employees reminisce and mope about their last shift,negative,neutral
is chatting with willy valdez about comics,neutral,neutral
oh cool when is alpha 118 coming out autoconnect was the feature i wanted to request,positive,positive
blastinggg music,neutral,neutral
lucky kidi so wanna see loserville pity im in oz,positive,negative
please get a cell phone with a better camera on it your pictures are real bad quality compared to those that miley took,neutral,positive
"you two are hilaaaaarious, i love it vernae where have you been",positive,positive
i have to start eating healthy,positive,positive
"_paradise hi dale, your welcome man hope ur weekend is going well i think i would enjoy your desert paradise fun, fun, fun",positive,positive
"rofl even if i kept insurance and payments under 300, im still like meh good thing i applied for a day job pasy 2888mo",positive,positive
id rather do the early runbut i am a morning runner,neutral,neutral
translation complicated sht that someone is going to have to teach me,negative,negative
oh lovely that is one thing mums are great at sounds yummy you are makin me hungry here lol p,positive,positive
i guesss,neutral,neutral
no just sitting around sculpting tiny koi,neutral,neutral
sorry for your loss i know how you feel she or he was a lucky cat,positive,negative
"im sorry youre feeling bad, hope you get better soon you know, if the plague doesnt getcha",negative,negative
i missed the sun as was too busy gettin hot and bothered in the shops will have to make up for it at the weekend x,neutral,negative
0530 first session yay me,positive,positive
thanks end up going to makino chaya,positive,positive
scrub and moisturize doesnt even sounds like showering maybe u should be inclined to follow me en rephael,neutral,neutral
sigh only 1 problem though i need to call stooopid lime aka cable and wireless and have them reconnect my interent 2 day without net sads,negative,negative
"michelle, is on here dont u miss her being on fox i liked your interviews with her",positive,negative
probably not i want to go home,neutral,neutral
"went to galveston, want to go back",positive,neutral
haha yea if i knew yew wanted 2 go i would have told yew,neutral,neutral
fkkk at the nurses coughing up my lungs,neutral,neutral
happy star wars day may the 4th be with you,positive,positive
working on diffusing that irritation but this traffic sure isnt helping mother f its always real bad the days th i help plan stuff,negative,negative
i could really fancy a nap right now but i am at work at 7am and i feel that if i nap now i am wasting my evening,neutral,positive
in media still havnet found ipod,neutral,neutral
i just woke up my teeth really hurt from my rubber bands,negative,negative
i miss you too well have to get together once everything settles down in a few weeks congrats on the house,positive,negative
i think twitter hates every1 when it comes 2 photos took me ages the other day 2 change my pic especially at this time,negative,negative
should i say goodnight or good morning,neutral,positive
damnit sorry to hear dude,negative,negative
"well, there is that",neutral,neutral
hapee mothers day t all the mothers out there,positive,positive
"im in the garden making pictures, weed an sweep the weather is nice see you l8ter people",positive,positive
jess is invited just not me i feel really unloved by u and aj right now hahaha,negative,positive
ok i just love it when big buff tattoed preferably christian men strutfluffy dogs are optional,positive,positive
my dog is suffering from abandonment issues she thinks im moving without her,negative,negative
"pizza parties went well, but still invisible i might as well be out with a bag over my head whatever",neutral,neutral
woo hoo its friday wait i have to work at the cleaners tomorrow,positive,positive
"maths and science were the strongest for me i thinkdunno bout geography, only did like 1 day of study for 12 a year of work",neutral,neutral
"but i didnt krystal spent the night last nighti dnt think i posted that but ya, we laughed a lot squirrel house new inside jokes",positive,positive
pub crawling through ne pdx,neutral,neutral
i am sooooooo bored in textiles,negative,negative
yea running on 3 hours lets do this test,neutral,neutral
"yeeeeahi am so much better off, i think",positive,positive
i cant wait till tomorrow just because its a new day,neutral,neutral
i have no idea wtf im doing,negative,negative
lol ill have to look on youtube later thanks,positive,neutral
anymore,neutral,negative
asda ready meal i dont think ill ever be the same again,negative,neutral
"loved the shoutout on tweethampton, congrats hope youre feeling better, i missed you last weekend",neutral,positive
up late last night oracle from 8 to 430,neutral,negative
ok so any ideas of what to do tomorrow to make it fun cause i dont know what to do,neutral,neutral
_archie haha its ok glad everythings good happy always woohoo,positive,positive
y am i still awake smh this sucks,negative,negative
"i tried td, but it battled with cs3 over my processor nambu is really good, but unintuitive",neutral,positive
cashflow forecasts are fun but big red numbers arent,neutral,positive
yes i have my email down to one window most of which are marked for followup on monday all the dang paper still here tho,neutral,negative
ack of course im a person but i think knows that,neutral,neutral
no problem look forward to your next tweet,positive,positive
most of the time,neutral,neutral
its sunday morning and birds are chirping hoping for the best and praying that its the best,positive,positive
not feeling well at all today ugh cant i just go home,negative,negative
facebook farm town become slower and slower,neutral,neutral
oh man that sucks hardcore haha good luck finishing up recording,neutral,positive
then u should went to vegas like u did last year i think this was around the time u killed that animal with ur old car lol,neutral,neutral
bwahahahahahahaha nice i want a doggy,positive,positive
i submitted my resume the same day and saw no answer back oh well,negative,negative
making pork stirfry and brown rice for dinner,neutral,neutral
watching look for a star with mom again lub ah c hehe,neutral,positive
"haha, happened to me a lot of times know the feeling happy mums day to ur mom too delle",positive,positive
i know what appeals to you with knitting believe me i know,positive,neutral
bummer i missed taylor swift on the today show those were my only plans for the day,negative,negative
"i have an awesome picture of happy pint, but its not sending",positive,positive
listening to musicfeeling kind of down,negative,neutral
hi beautiful hows it going,positive,neutral
test discovery just missed being in py31,negative,negative
gotta terabyte of space to store movies,neutral,neutral
"my cable signal is all messed up im missing ghostwhisperer in other news i have hurt my toe and have a cold, in like hot weather",negative,negative
"hes hard to please, methinks he has the picture in his head just fine",positive,neutral
no waterfront anymore faccia luna and clarendon will have to do,negative,negative
"nice to meet you mike, video producer cf miami",positive,positive
i think i should but with who hmmmm maybe a friend in alaska,neutral,neutral
maybe somethings just wrong with my phoneits still not working,negative,negative
"is having a welldeserved break todayno phone calls, no emailsonly plenty of catch up movies to doooooo",positive,neutral
content content content gah story of my life right now thx for reminding me thats what i should be doing v tweeting,positive,neutral
"oh, amazing i have two too and i need to have the third yn",positive,positive
"_jayr oh, i know how budgeting is",neutral,neutral
will be attending cics parents orientation tomorrowneed to wake up early,neutral,neutral
"had lunch at bittercreek, they were out of hopnoxious had sweetgrass ipa tho, so all is still right in the world",positive,neutral
my expression watching this again,neutral,neutral
it makes perfect sense i guess i am very down to earth thanks for your reply,positive,positive
as if teenagers need any more encouragement,neutral,neutral
man my daddy left to work again i never see him a lot i miss my daddy,negative,negative
i dont ship out until october,neutral,neutral
"dont worry, youll get your stamina back soon what kind of distances do you run usually",positive,positive
aw that sounds amazing but i think i have work thank you for inviting me though,positive,positive
i like thatgonna have to retell,positive,positive
really oh sorry yall lol,negative,negative
"pigs catching swine flu and avian flu, risking the development of flying pig flu awesomely funny",neutral,positive
about to dye my hair and do my nails,neutral,neutral
about to run the hinckley half marathon fingers crossed for a 1h30m time,neutral,neutral
great day and another one awaits,positive,positive
well see craig might just hog u guys haha i work till 10 tonight anyways,neutral,negative
mmmmm my hair smells guuud the wonders of pantien d,positive,negative
no more sorrow by linkin park,neutral,neutral
"quite an awkward moment, poor girl i hope she doesnt loose it again",neutral,positive
"my music teacher either expired or forgot about my lesson, leaving me outside waiting for my ride to pick me up for 1 hour",negative,neutral
i do amazing at beer pong with my brother,positive,positive
i can definitely appreciate this the simple things that make my day,positive,positive
happy mothers day hugs,positive,positive
just read mcdonalds is actually running more ads than before the economic slowdown great im lovin it,positive,positive
"she interviewed us on books i was gonna say something, but she was all wait, i have something to say",neutral,positive
"didnt think of that why cant people just be nice why would anyone think its ok to say that, much less make a movie",negative,positive
sorrry im ready to leave,negative,neutral
omg i broke down and had pizza because i was stressed out you mad at me,negative,negative
is youtube not working properly for anyone else i cant watch videos because they keep failing to load,neutral,negative
"oh and ps since it is already 1230, i should probably say happy mothers day to my mom and all the mothers out there",positive,positive
"just funny sitting here with external keyboard, mouse, and macbook on bed just looks strange but its comfortable",positive,positive
thanks,positive,positive
"yeah, totally unfair we should just flame them everywhere",negative,negative
happy mothers day to all mums on twitter,positive,positive
my pic is back out of the blue,neutral,neutral
"im not sure what stracchino is, but it sounds good",positive,positive
_renee _b fa real me n shay been on the toilet all night shlda knwn sumthin ws up whn they didnt crd us 4 our scorpian bwl,neutral,neutral
i want a top that says,neutral,neutral
neil just picked me up for the show my tailights out cause of heartless hit and run,negative,neutral
hates goodbyes,negative,negative
"lady across the way had a miscarriage, say a prayer",neutral,positive
i cant take it,negative,neutral
i hope you feel better soon,positive,neutral
where are ya headin to for your family vaca i hope the paparazzi leave you alone,neutral,positive
"hot , im at disneyland",negative,neutral
oh its so beautiful im happy you had a great time heartz,positive,positive
ooooh kay its time for me to stop twitterin and get going,neutral,neutral
cheers for that will have a look at that later and hopefully get sorted,positive,positive
"ok, when will this post rny girl learn rich sugary food is a bad idea no more golden graham bars out of the vending machine bleck",negative,neutral
has one more paper left,neutral,negative
"ha i look at twitter games as harmless fun despite being author of twitter book, i try to talk about other stuff",positive,positive
having a pj dayydoesnt happen veryy often,neutral,neutral
all i want to do is sit back relax for a little while how can that be this difficult,neutral,negative
"i also think that im talking to myself now okay i need to get to bed btw, i miss my brothers",negative,negative
that was reallly good,positive,positive
"hope youre having loads of fun i love and miss you all, boys",neutral,positive
what happened im afraid i missed a large part of the story,negative,negative
first weekend at home,neutral,neutral
live now live dj jayem b2b esr click,neutral,neutral
following 865 and followers 539not nice,negative,positive
perfect way to end a totally boring day sleep goodnight,neutral,negative
"well i hope you have had a good weekend and even more so have a good day at work 2moro its already monday here,so far so good",positive,positive
with sean s watching house of a thousand corpes,negative,neutral
bamboojade green,neutral,neutral
aww tessy wanna hug,positive,positive
tomorrow its the final competition,neutral,neutral
i have the weirdest hives all over my legs and arms what the heck am i allergic to it itches so bad dang it,negative,negative
it is going to be a beautiful day,positive,positive
just uploaded my new blog a painful story about an 80s year old man who cried because he wanted to die very sad,negative,negative
good luck finally your long time will of panvel tweetup finally coming true,positive,positive
nope,neutral,neutral
its 2am and im wide awake,negative,negative
i can hear it now,neutral,neutral
"thanks for follow was just adding you from your twitter page, after commenting your blog",positive,positive
im so nervous,negative,neutral
"actually, im supposed to do that w my dad cousin, my cousin is in trouble though, so we never get together",negative,neutral
"fml ughhhhhhhhh, im not going anwhere today just sit in the bedroom i share with my mother and cry",negative,negative
my vibe is currently downed the only thing amusing me is my joker shirt looks down and pokes shirt i want a peanut butter sandwich,neutral,positive
off to sacto to take babies to kennel,neutral,neutral
no one ever gave me the info im sad,negative,negative
how come its for us now to win ms twitter worldis it not working for you,neutral,neutral
i messed up my backhip it hurts so bad,negative,negative
_girl bummermail came but package didnt,negative,negative
beautiful sunshine when i woke up but litterally 2 minutes later it starts to rain i must be cursed,negative,neutral
"claire love the show, got into the office 5am and no radio",positive,positive
gnight twitterverse thanks for keeping me entertained,positive,positive
"had a neat mothers day nothing flash, just some chillin time with my girls",positive,positive
i can so sympathise with that,negative,neutral
"hey perez good luck well, im still planning for a big present to be given for my mom i love you mom",positive,positive
"we need to remodel the house and the thoughts of doing it make me kind of ill he has one way and i have anouther, i just want to move",negative,neutral
watching my fav movietwo can play that game ever notice how men start to act up around spring time shante smith,positive,neutral
learned a lesson the hard way lost my usb stick and backup was a month old,negative,negative
"_dizon its a little late but congratulations, leah happy mothers day",positive,positive
", awe, me in work, no bbq for moi this weekend",neutral,neutral
"yeah i think it just depends on what youre doing with it, but at least im getting it for free ill miss my sk though",neutral,negative
spending qt with the hubby,positive,neutral
wowzer its very windy not good for my allergies,negative,positive
"fell down the stairs at dancing, sword fell on me and now my bum hurts",negative,negative
officially moss doesnt work on vista but unofficially its fine,neutral,negative
oh thats star trek going on the 7th already woo,positive,neutral
"just got back from the er i cut myself while trying to cook a nice lunch 3 stiches on my right index finger, talk about ouchie",negative,positive
sad assembly next block,negative,negative
its impossible to watch in full any flash video with my mac after 57,negative,negative
_a_michael cute thanks for sharing and please direct message me before you go to bed james you know you want to,positive,positive
interesting to see the differing accounts mandy is always very pc in all her accounts her robbie is a monk,neutral,positive
"hermits, such as myself, like to stay in",neutral,neutral
is watching the final episode of er goon subo 2 win britians got talent,positive,neutral
i am sitting here taking a little break and trying to recharge so i can continue housework,positive,neutral
ugh i just realized that i have to completely redo my tweetdeck groups pains of computer being wiped clean,negative,neutral
night diana and if you travel soon take care,positive,neutral
in accounting class then detention after,neutral,neutral
i knew my mom loved flowers and she loves the rieger begonia so hanging basket seemed perfect,positive,positive
ah not doing cbeebies epg by any chance are you hehe need pinkyponk crash warnings is your journey home long,neutral,neutral
downtown drinking celebrating the cavs victory,positive,neutral
"i just watched 7 pounds, maaaannnnnnnnn",neutral,positive
off to get ready for school have an absolute wonderful day,positive,positive
you too happy moms get to rule and kids have to take it day,positive,positive
had to give my 5 year old golden retriever away to another family today,negative,neutral
"im a laid back person for the most part, vinny is the opposite guess we compliment each other it will all work out how r u",neutral,neutral
"no offense taken just one of my many controversial views, i guess",neutral,neutral
"ironically, that thought goes through my head no pun intended for every headache i have hope it goes away soon",neutral,negative
_sprigge keen skydivers take off thousands of times in planes but rarely land in them,neutral,neutral
will be doing all the chores just for her mama,neutral,neutral
"i have myself barely 4 hrs of sleep and the lord blessed me with what feels like 8, but it came with a sore throat pumpin out this paper",neutral,negative
"especially hard to get out of bed with myself this morn cuz im hot , now running late stuck in front of the mirror checking myself out",negative,negative
happy mothers day everyone still playing pet society,positive,positive
i am sad today,negative,negative
fast furious excellent movie and andy is a great guy most of the time lol,positive,positive
listening to music was kostet der fisch xd my mathsteacher has choose the wrong job thats wrong grammar but a real fact,negative,negative
i dedicated that song to my vw when i sold it,neutral,neutral
congrads on engagementbridal shower sounds like fun for upcoming jump out of the audience wd love to join in,positive,positive
wish i was famous like some of d people im following,neutral,neutral
oh my mix khichadi seems to be ready now time for lunch,neutral,neutral
ok its suppose 2b followfriday not unfollow friday aw well i have nice tweeters anyway almost doesnt sound rightlol,positive,positive
and now the crazy is all gone,negative,neutral
i just wanted dippin dots,neutral,neutral
happy mamas day to all mothers,positive,positive
goodnight,positive,positive
_wockeez dont wanna miss any of your showsyou guys kick it sad to saymy plane is in the shop,negative,negative
wants to dress up,neutral,neutral
ah i lived all over the baltimoredc suburbs the last 5 yes then finally made it back to my home state,neutral,neutral
hey mate fancy finden you on hea,neutral,positive
am i too late for a cuppa,neutral,neutral
hiccups,neutral,neutral
that sucks im going to be doing summer school need to catch up on several units,negative,negative
happy mothers day,positive,positive
this is my ohio is for lovers tattoo got the design off the shirt haha but i lost the shirt,negative,negative
is still waiting,negative,neutral
beautiful morning here in the mountains,positive,positive
awhhh it was so nice to see you,positive,positive
movie and popcorn time,neutral,neutral
i need a hug i dnt feel so good,positive,negative
because your mean to me and it makes me sad,negative,negative
"crazy fun you make that man be nice sri lanka is a spiritual place, yes",positive,positive
"dany, meet sorcha, sorcha, dany now you know each other p",neutral,neutral
lol takes some getting use to just replying to your email power keeps cutting out here s,neutral,neutral
i want you to go walking with me but i still miss my satan,negative,negative
yeahhh you do that lol,neutral,neutral
_michele thanks for thatam now following themlove good causes,positive,positive
guessing ran 4 miles gym superman you oxox,positive,neutral
i have to put it out there i adidas josh denyer xoxoxoxoxoxo,neutral,negative
watching run fat boy runhaha its soo funny,positive,positive
off to church now,neutral,neutral
"im defying gravity and nobody in alll of oz, no wizard that there is or was, is ever gonna bring me down",neutral,neutral
i am sad because i broke my superawesome giant paper clip i was using for my italy notes,negative,negative
ok cristal we gonna tweet talk again when its not so latejust follow sweetietweethug 4 ya,positive,neutral
definitely following ive been following the creator of this feature since 2005,neutral,neutral
"1246am happy birthday little sister of mine also, good night priscilla",positive,positive
im proud of you solange,positive,positive
dont depress me i have the motherinlaw staying the weekend someone else to wait on other than the kids,negative,neutral
just found out ill be a food engineer in a future life cool iphone app called afterlife,positive,positive
trying my best not to share this lovely head cold,positive,positive
happy mothers day asap everyday,positive,positive
i think today i shall listen to some gary numan before starting some remixes,neutral,neutral
i cant stop listening to new single paranoid its so amazing i love them,positive,positive
phew long day and i havent gotten to work yet,negative,neutral
"i ahte stress, its supposed to be friday it makes me wanna cry",negative,negative
shattered pwg botched his hybrid dolphin shirt order and sent him xl,negative,neutral
"2,697 views on my flickr account maybe is not much for you but im happy yay",positive,positive
bumping air supplys greastest hits,positive,positive
one more thing shattered is an amazing song by oar,positive,positive
"wow this morning 815 hrs ding dong breakfastservice, was a surprise of marjoleine, guido and dirk for mothersdaymother hapy, father too",positive,positive
"yea, us 3 and max poor trivun",neutral,negative
whats going on sweetheart,positive,neutral
"riding daddys bike yes a mans bike, very convenient not in the dark without glasses on i was scared but i survived haha",negative,positive
"come on, man, give me some slack",neutral,negative
yep we go there for christmas treats,neutral,neutral
it should be recoverable its just the boot part thats messed up grr argh my business was on there,negative,negative
maddie starts working watch out world,negative,neutral
i will promise to bring me back something from the moon,neutral,neutral
oowweee china club wuz poppin lipstic n pumps were in full effect,positive,neutral
watchin how to lose a man in 10 days wiv mum lol,neutral,negative
welcome to twitter its about time,neutral,positive
who you snugglin with tila,neutral,neutral
at the library being friggin bored,negative,negative
burnt the out of my hand today,negative,negative
"grilled chicken, broccolli, and water yummy and healthy well until i put butter on my veggies but whatever",positive,positive
_oliver i was off by one year i really wanted some of jamies cooking books in english not german,neutral,neutral
pets get cancer too,neutral,neutral
"had the super massive sandwich mom made last night,ohh it was yummy btw, happy mothers day mom",positive,positive
"am in the place called 0ut of now where take me out from here, somebody",negative,negative
mmm btw i was just talking to you you were gone 295,neutral,neutral
yeah yeah yeahs softshock,neutral,neutral
"yes, i found you come to greenville perfect weekend for pictures and no sidekick to go shooting with",positive,positive
that version is not compatible with vista,neutral,neutral
but i am one in a million,neutral,negative
millenia mom i think i am in that category,neutral,neutral
feels like whenever she lays down 1 i hate heartburn backaches,negative,negative
lots of reqs today no fun,negative,positive
_elaine lol y i see ya twitts all tha time n i didnt get this one till right now lol and u never get mines twitta,neutral,neutral
"had to come in, was baking out there and have slight headache now",negative,negative
not feeling too good,negative,positive
went to bestbuy today and found that they had pretty much ever hp except the one i wanted to look at,positive,positive
"cant say i havee, im at james but i did some rs yesterdayy im learning my quotess",positive,neutral
_kay2 welcome to twitter babes i know what you meanstill trying to figure this out,positive,positive
when in doubt go with the instincts,neutral,neutral
i voted do u have a personal myspace i keep talking to fakes i 3 you u helped me thru the hrdest time of my life x,positive,neutral
ahh my right kidney hurts soooo bad ooommmmggggg,negative,negative
morning newthope you are well,positive,neutral
is new to twitter and has no friends here or should i say followers,neutral,neutral
"polly scattergoods new single out today download the please dont touch ep on itunes, its ace",positive,neutral
im ready homieactually ima be working,positive,neutral
gonna watch jt on snl tonight not a fan of his music but think hes hilarious in my pants way too funny,negative,positive
and welcome to dk,positive,positive
diversity diversity diversity todayyyyyy,neutral,neutral
only has under 200 words left to write on her assignment,neutral,neutral
"congrats i cuss like that in a matter of minutes, but didnt know until now there is a reward for it",neutral,neutral
cooking with my dad having lots of fun in the kitchen together,positive,positive
probably the best birthday ive ever had i got to spend it with all my favorite people,positive,positive
missing tim,negative,negative
gawd the rain is too strong,negative,neutral
"if youve jailbroken or went to 30 early, prepare to be bricked",negative,neutral
"nyc placements have started to come out, but it looks like upgrades might have to wait yet another two weeks for placements dreadfully",negative,neutral
john and i just bought four boxes of them,neutral,neutral
"just got woken up by my mom our entire first floor is flooded all our furniture, curtains, moms expensive rugs soaked and ruined",negative,negative
happy mothers day,positive,positive
"aww, anyone see hollie steel on bgt tonight wharra shame",negative,negative
were having an impromptu pool party except i dont know how to swim so i cant get in,neutral,neutral
why is the font so huge small fonts rock socks,neutral,neutral
starting to wonder if im going to get this job came across as though id find work elsewhere if needs must not intentionally,neutral,neutral
"sorry about the weather, hopefully youre not in the 23 hour wx delays here in bwi",negative,positive
sad to be leaving so soon,negative,negative
i need some drank grape kontakt from my girlies lol soooo serious,neutral,neutral
seriously i dont like girls,negative,negative
its an undeniable truth i suck at talking to people no good at making a connection i come off as either strange or distant,negative,negative
wow that was easy thank you,positive,positive
"_the_game girl work it hope you had the slammer, and had fun with the moldovan i want to hear details",positive,positive
dont make me smite you and yeah yeah it really does no cuties for me,negative,neutral
you and your hot weather its freezing in oz at the moment i miss summer,negative,negative
when are u gonna host saturday night live ive been waiting for like 2 yearsssssss,neutral,positive
"aghh mann i missed like half wowp, nd i dont like to start watching things in the middle of the show, i forgot to record it, im maddd",negative,negative
"after a week staying with my grandmother, im home in lopatcong can start my new book tonight",neutral,neutral
"07 its bloody quick,, even my gran could drift it",neutral,negative
less than 24 hours till the show oh and lee broke his guitar at practice,neutral,neutral
hello taylor just wanna say ive already voted 4 u i think 5 timeshaha,neutral,positive
was actually done by my cousin,neutral,neutral
on the way to see my grandparents,neutral,neutral
i would notice,neutral,neutral
"_haze aww im sorry that ray wise has appeared on the show yet , i watch everyday except for friday its a best of aots",neutral,negative
done with my drew and jayk handmade gifts now watching old menudo vids,neutral,neutral
going to bed after beating the snot out of hubby w texas hold em,neutral,neutral
had a brill night out with the girls met terry christian at tv21 he was really lovely home to berocca and toast,positive,positive
mouth hurts,negative,negative
just had lunch w at jasons deli then stepped in dog poo,neutral,negative
i could get away with it dare me ill go buy it tomorrow,neutral,neutral
"wow have a safe trip back home and were all begging you, please come back to bloomington as soon as you can",positive,positive
i saw amazing heeels but they were too big,neutral,positive
i thought i was going to see a pic of your clean car,neutral,neutral
is loving life,positive,positive
"wow, i didnt realize my seats were so far back i hope i can enjoy the show enough for what i paid for the tickets",neutral,positive
yeaaa i just got the link off his lj,neutral,neutral
was able to create an itunes acct but can no longer redeem the kris allen album note said it got canceled,negative,negative
counting down the hours until i can finally drink this blossom hill stupid work,neutral,negative
"i have been subtly replacing it with penetration testing when i see it, but nobodys caught on yet",neutral,neutral
"im feelin sad, depressed, lonely, unhappy all at once rwhats wrong with me",negative,negative
i would prefer 1 more monday,neutral,neutral
yeah they r im going to their concert at the end of the month,neutral,neutral
_ i know my bg looks emo now lol,neutral,neutral
what time you close today is it the last day today or tmr i may shed a tear,negative,neutral
missin my bro,negative,negative
on no bsg might just have made me cry,negative,neutral
its not good 1 of our directors said we could go home and the other said back to work boo it was good while it lasted,neutral,positive
3rd day of pain,neutral,negative
no problem i wasnt really sure what i was doing it was some application on the twibe page,neutral,negative
"dont i know it i live in the middle of nowhere, my house is spider central",negative,neutral
"yay thanks for the is still winning, though",neutral,positive
and the first thing you did was get your twit on,neutral,neutral
over him finally,neutral,positive
going off bc is making me break out,negative,neutral
playing cards with my niece,neutral,neutral
"awake, man, i need to go to sleep, i gots to wake up early for church tomorow",neutral,neutral
would love to see that,positive,positive
hellooo how are you gosh i miss seeing you around thought of you last night when i had some amarula,negative,negative
i feel like im going to toss my cookies,neutral,negative
hehehehe oh i love the purate english sooo much,positive,positive
"im having exactly the same day you are, man just buried over here",negative,negative
"back,had a great mad monday meeting tomorrow",positive,positive
i miss you,negative,negative
just found out that mad men season 3 is delayed until august,neutral,negative
"yes yes i am, networking to the fullestand this girl is rih next to me",neutral,neutral
"good moring mr bailey, it is my birthday today",positive,positive
mcfly concerts through the years h dont have my 06 one though,neutral,neutral
last time in the drama room,neutral,neutral
is going out for dinner just the two of us niceeeee,positive,neutral
i want candy,neutral,neutral
exactly,neutral,neutral
"had fried oreos downtown vegas, went to the park with her cousins best day everrrr happy mommys day",positive,positive
going to ek nao will meet bloggers there instead of makati,neutral,neutral
"i know they were running out though, soph had to get a massive one",positive,neutral
what is everyone saying about the supposed pics of matt striker hope he doesnt get in trouble,positive,positive
"good too thanks so, you had a nice evening with your father thats cool thanks for the link btw",positive,positive
starting to pack stuff up,neutral,negative
no flame wars on this weeks episode,neutral,neutral
hypervenilating cuz i just watched keith urbans new video trying to calm down and im realizing how far away august 13 is,neutral,neutral
editing pictures,neutral,negative
unless youre gretel killeen apparently you did look pretty good,positive,positive
go the bubble bath always relaxing,positive,positive
_star v good i thought you were registered na,positive,neutral
is feeling bad just got bad news about my mum,negative,negative
pink bubble baths and champs,neutral,neutral
"oh yeah, radio1 is so playing earth, wind and fire",positive,neutral
"wish id had the balls, but with my 2 kids with me and not knowing how illogical these ppl can be, didnt want to risk it",negative,neutral
just getting off of work for the day hope everyone has a wonderful mothers day tomorrow hope you enjoy ur cheesecakes too,positive,positive
"alright, i think its time for bedeven though ill probably surf the net for another hour before i go to sleep lol goodnight",positive,neutral
"in santa clara a long way from hoe, well not that far it sure seems like it",neutral,neutral
_man im fully obsessed with their burritos enchilado style my mom doesnt wanna go with me tho,negative,neutral
busy wit work how is your business going on,neutral,negative
her new cd is lovely,positive,positive
there is something wrong with me im so tired i can barely keep my eyes open yet all ive done for the last 3hrs is toss turn in bed,negative,negative
somewhere in the center,neutral,neutral
yeah thanks ill be back in soon to see what ya got,positive,positive
yea me too lol,neutral,neutral
aww ya not showing off all us mums should be proud of ours kids and let everyone know it,positive,positive
oh no fair thats in 9 hours,negative,negative
dad and mum are heading that way and i normally jump in the middle and thash about a bit while having cat chasing dreams,neutral,neutral
_beachmex cant dm you since you dont follow me,neutral,neutral
"just got up, smoking a cig and drinking coffee i need to start working on my final project for the univ",neutral,neutral
no ones coming in,neutral,neutral
picked up luna from the vet she looks like shes been crying im not kidding her lashes are wet and she has tear trails my poor bebe,negative,negative
i know i was hoping to meet you tonite i just found out a few min ago that we have a mutual friend cuong h,neutral,neutral
just woke up o mums singing to her new gnr cd replacement i bought because im a good daughter,positive,positive
a know that feeling,neutral,negative
thats for sure thats why i intentionally turn my thought processes to the silly,negative,neutral
but that is the only logical reason why youd get hollered at 3x in the past hour but what is dnw,neutral,neutral
is constantly listening to the song fly with mebc its the cutest songpeter pan wendy turned out fine,positive,neutral
i neeeeeeeed music suggestions but no one will give them,neutral,neutral
just had mothers day lunch here,neutral,positive
how dare you apologize to the uk for being gone for a while but dont apologize to america for never touring here at all,neutral,negative
figuring out how this twitter thing works,neutral,neutral
i knew that i attended an innovation seminar at picnic 2007,neutral,neutral
youre faking it hahahai kid,negative,neutral
loving that spring definitely seems to be here now,positive,positive
good luck i have no doubt you will be hilarious really hoping to see you dressed as some kind of foam food item and go,positive,positive
"oh mann das ist super lustig du armer macs age 2 months, battery charging no garantiefall",neutral,negative
the moon is sooooo pretty,positive,positive
im so full subway was bomb waiting for my 2nd shift to start,positive,neutral
"right, caffeine levels topped up, few more hours revision then time mon the jenson",neutral,neutral
going outro peace,neutral,neutral
oh noooo that sucks did you reschedule for another show,negative,negative
"hahalive long prosper the movie was better than i thought, they did an awesome job, im pleased",positive,positive
hey are you thereoyy i geas you sleep,neutral,neutral
so neat hearing u on kiddshow today wish i was there,positive,neutral
"dont know what to do today amazing weather and im sitting here, great",neutral,positive
yes we both do win,positive,positive
theres nothing good on tonight anyway,negative,positive
"need to get an intel based mac 1st but this impacts on dual core vs quad choice, latter probably better for virtualization",positive,neutral
phil i miss you gracin ya with your presence i havent been on much whats new,negative,negative
"in the bath dont quite work especially if you have no ducks only a polar bear,a seal a whale",negative,neutral
off for a run moonday is not that bad after all,neutral,negative
ahhhhh fml classic crime is sold out,neutral,neutral
back home with my puppyy,neutral,neutral
im craving some cinnamon toast crunch why is it so cold today,negative,neutral
aww that is sad,negative,negative
a hungry fool ill probably never see that krispy kreme again had to enjoy it they closing down,neutral,negative
their coming tomorrow morning and its sort of an impossible task i just need to clear some space thanks though,neutral,positive
i just saw 22nd of june and it make me think of jenny i miss her so much,negative,negative
watchin a moovieand im sited about going 2 ma friend saras tomorrow at 900 am she was injured i luv yall i will keep u updated,neutral,neutral
is really really ready,neutral,neutral
about to go to my last theater lunch im gonna cry,negative,neutral
yeah i suppose,neutral,neutral
gotta get up early tomorrowgotta be at work for 9,neutral,neutral
ack fast forward right through that coldplay song,neutral,neutral
_aka_rowan he could be talking to me hes probably not though,negative,neutral
that was funny n almost right,positive,positive
"_007 dont worry, theyll get bored of it just hang in there and dont give in",negative,negative
most likelyy just need to save the money and practice my off,positive,positive
"well poop, my guitar lesson was canceled today im so sad i hope his son feels better soon tho",neutral,neutral
"taking horse pills, hoping i can get some sleep tonight",positive,positive
i think ill be home more than i want to be next week no work booked in for the forseeable,positive,neutral
new supernatural tonight,positive,neutral
i know im tweeting more now though dont you worry haha i wish i could fly to ohio i saw beyonce on monday uhmygawddd,negative,positive
"wow one year today luc bourdon was killed, doesnt seem that long ago",negative,negative
happy mothers day,positive,positive
"awww kanye west, its such a shame he doesnt get the joke",negative,negative
i saw the note in faq about other languages any thing that would change your mind need any help or anything else,neutral,neutral
happy star wars day may the 4th be with you,positive,positive
and what did i do to u kk thanks,positive,neutral
"looks like a beautiful dayand i am off work til sunday, yay no bbq as yet though, gonna have to postpone my invitations",positive,positive
"are you kidding me that looks incredible lay out and swim a lot for me, stuck in the cold nyc",positive,negative
oooooo i like that too anywhere near mommy is good for me,positive,positive
better then her getting mad and using the floor,neutral,negative
sunniest day in ages and im in bed,neutral,neutral
yesh lawl,neutral,neutral
"_henrie hey david, youre hot",positive,positive
laptop has been handed over to the master i will be getting it back next weekend fingers crossed will let you know,neutral,neutral
hahaha that made me laugh,positive,positive
_pase i guess u ain like me den my hair cut short lol,neutral,neutral
trying to stay upbeat while i wait to get my keys out of my locked car,neutral,neutral
i cant upload a picture everythings too big,negative,neutral
_bach daps were the best lol,positive,positive
thank for ur gnite and thank for ur photo of sims 3 heart broken here,negative,positive
"finishing this giraffe, then getting some sleep super excited about tomorrow",positive,positive
"oooh, neat yes, sf has such good food again, so jealous of all you sf people",neutral,negative
just finished emergency by neil strauss another great read neil congrats miss you by the way,neutral,positive
"livin large, huh ive got the same hammockno tree to hang it from",neutral,neutral
im either always on the train or at work,neutral,neutral
_ i wish you were here nowww grrrrrrr,negative,positive
damnit i didnt but neither did you so win,neutral,negative
you still have class ouch,negative,neutral
you have my vote want to see gino in drag please post pictures,neutral,neutral
back from worcester my work week starts on friday at 230,neutral,neutral
toast in the morning,neutral,neutral
my tongue still hurts i need to sleep,negative,negative
"yeah, its good just startled me",positive,positive
from seeing all my koreans buisnesses failing,negative,negative
"enjoy your day too prob see u up top of glyders no pint for me, gotta drive straight back as weve got dog stuff to do sunday",positive,positive
hope you feel better if your alone we can talk until your ready to go to bedim alone too,positive,positive
conserve water take showers together,neutral,neutral
back from aot last lec alot of question marks on my head but thank god for all the tips should be able to pull tru,positive,positive
"big now vanessa is going to be 3 in september, its going by so fast its hard cuz im workin so much, i miss out on alot",negative,negative
will we see you guys in the philippines that would be the coolest thing ever always wanted to go to one of your concerts,positive,neutral
oh no i just read they are going to do a remake of girls just wanna have fun stop it hollywoodjust stop,negative,positive
had an awsome salad i recommend getting the spicey buffalo chicken salad,positive,neutral
june gloom seems to have arrived early,neutral,neutral
oh snap kinda nuts right now ive told at least 27 thanks babes,positive,positive
what a great project wish i could have done that with dd1 shes too old now,positive,positive
i dont want to i am going to cry all the way home,negative,neutral
wow way to be discouraged idk anymore fml,negative,negative
needs a yummy breakfast after her shift,positive,neutral
at the hospital today then shopping with mom love you so much,positive,positive
oh no i just crashed my ball pump,negative,positive
"i know, i was on the list, but had to miss out bc of conflicting plans how did it go",negative,neutral
missed getting my twilight jacket modcloth man i wish i didnt have long monkey arms and could of gotten the l instead,negative,negative
"just when i thought things couldnt get any worse it just did and it will get even worse tonight, i bet my life is a misery",negative,negative
sunburn is not as fun as i remember,negative,positive
one downside of the nice weather it brings of the chavs,negative,positive
doesnt feel good but i cant miss work tomorrow,negative,negative
i hate the fact that im 45 hours away from you tonight and tomorrow well be 1946 miles apart i wish you were here,negative,negative
the reason why i cant find the latest arena magazine is because it has folded due to the recession grrrrr gqfhm survive no justice,negative,neutral
thank you tadi jam 1230pm,positive,positive
"heading to the gym the group of guys that used to go with me has all quitwell, except for brandon makes me terribly sad",negative,negative
the rain bring back some memories,neutral,neutral
bows i trysometimes it is hard,negative,negative
_guy iï½m afraid yes both are true i hope u r not disappointed yet,negative,negative
"whats twhirl ive some work to be doing over the weekend thank god so im probably going to miss it red, sorry",neutral,negative
not happy got a big choice to make,negative,positive
"what about midge she definitely has to be in on that tie for first shes completely dumb and yeah, punkd indeed",negative,neutral
good news finally finished my workout that has been paused for 6 hours bad news my resistance band is torn,neutral,neutral
have malware on my work pc i miss having an it dept,negative,negative
thatll do it too,neutral,neutral
"the downside of getting tdl 3 days early is that i wont have time to read it til next week anyway but still, hurrah clutches it close",positive,neutral
trying to look up iowa state fair art entry information hope to get a piece in this year and maybe win something or get noticed,positive,neutral
"just woke upbusy busy busy 2daybake bbyshower cupcakes and jays bday cake, bleach hair again see my boo",neutral,neutral
so physical therapy,neutral,neutral
im lookin for email to this man i have his photo spray painting in wroclawpoland by kosmo,neutral,negative
i sorry,positive,negative
"i hav a chance to win 10, 100, 1000 i was given a free can of planthave to wait till the plant grow to know if i won anythin",neutral,positive
i know i have such guilt associated with picking winners,negative,neutral
"haha night man, and no, but im sure ill meet her again in my lifetime, in fact i willno doubt about it",neutral,neutral
i was waitin so many new and good songs about the end but i didnt like it so much,neutral,positive
"im running out of things to say, and im starting to think youll hate me for flooding your inbox with philippines tour",negative,negative
my wife lost her sprint blackberry 8330 on a bike ride in am anyone have an extra bb laying around retweet,neutral,negative
market whn goes lower also problem and when it goes like a wild bull also problem,negative,negative
"went to get dog from vets, theyve stitched her ear, charged us for it but she still bleeds like a waterfall everytime she moves d why",negative,neutral
eew cheese i hate cheese,negative,neutral
is ready for summer,neutral,neutral
ohmy foots hurting now about 5 minutes after i took it out though,negative,negative
i know no probs the driving bit always gets to me this time of the ac year which bit of sea are you going to aber,neutral,neutral
thought u said twitter was bellion,negative,neutral
"oh dear, it will be late there good ol michigan well i look forward to chatting with you when our wakeful hours overlap",positive,neutral
who will we make fun of,neutral,positive
i miss you its lonely and empty without you,negative,negative
holy smokes star trek was freaking awesomeeeee,positive,neutral
now cash u kno im not a haterjus upset i dont have my update yet,negative,negative
"getting ready to start my work week, its so not tgif for me its monday",negative,neutral
hitting the docks soon,neutral,neutral
only have 80 followers so sad,negative,negative
bit excited are u bradie lol,positive,positive
watching one of my fav movies sparkle go get food later,positive,neutral
_ebru thank you for the linkvery coolsee you on monday,positive,positive
is back home now gonna miss every one,negative,negative
_sian lol i dont have the benefit of sky and hubbie was watching them so had to sit thru it,neutral,neutral
"its not looking too good outside if this continues, i feel a movie night coming on",negative,positive
bahah that would be really funny she would be really cut haha,positive,positive
morning on monday is it really,neutral,neutral
gourmet pizza bleh pizza is supposed to be greasy and filthy you cant eat pizza thats been prepared by a chef,negative,neutral
alright cool see you tomorrow thank you,positive,positive
what have you been up to,neutral,neutral
has just voted for you hope you win,positive,positive
lol what are your plans for today or should i say tomorrow then,neutral,neutral
_bloggerific,neutral,neutral
new favorite group has to be jdavey hilow is my why dont the really flygroups come to miami hell florida and no rock the bells,neutral,positive
this is too much lmbo litterally i have to stop b4 i lose my twitter buddies,neutral,negative
i wanna say happy mothers day to all the moms including mine love u mama,positive,positive
now only with windows 7,neutral,neutral
i like mine green just somehow doesnt taste minty otherwise heh heh,neutral,neutral
i have to work tomorrow too sheli,neutral,neutral
coffee didnt turn out good tiday but excellent,neutral,positive
lmfaoooo i love this sho,positive,positive
loves the nice weather and 730 exams,positive,positive
it rains and it sucks so much because its the second day in a row,negative,negative
my head hurts,negative,negative
is feeling sad for some reason,negative,negative
"i dont know why, but i lold",neutral,neutral
"planet fitness on van wyck, keep hearing all the homies tell me bout it, plus its close to the hood, u know my lazzzy",negative,neutral
ok all have hit the point of relaxation heading to bed sleep well and happy mothers day to all you moms out there night,positive,positive
twice in a week qantas club lounge computers broken,neutral,negative
and gadget show today can today be any better,neutral,positive
"not really, injured so cant do much exercise the kgs are coming on already also still looking to rent some place fun times",positive,positive
my sister and i are suppose to be meeting you today in birmingham please reschedule,neutral,neutral
good rainy morning all,positive,positive
i am not in the mood for a long car drive,negative,negative
hoooray im hooked already,neutral,neutral
hahaa your awesomee,positive,neutral
"oh ayehe rocks, shes",positive,positive
wow thot wed lost ya lol lol,positive,neutral
ready to chill on the couch and watch a movie,neutral,neutral
morning coffee and fresh air,positive,neutral
"_aureole oh my gosh, so cute",positive,positive
i do hope many of my new followers are from around sydney australia welcome to my tweets anyway,positive,positive
"i will, n btw happy mothers day sissy",positive,positive
thank you the best to you and yours tomorrow i hope you all have a lovely day together,positive,positive
what are we doin tell me tell me,neutral,neutral
"_song glad you had a wondrous beltaine mine was quiet, yet in sync with the season miss you all",neutral,neutral
i just lost my favorite pen good thing i have a back up d,negative,positive
gotta a lot of work knocked out on the project but theres one feature that just refuses to work right cant release next version until,neutral,neutral
what am i going to do without my skype haha,neutral,neutral
choir banquet was more than i couldve ever dreamed im so happy now after party at laurens,positive,positive
"just got back from work, ot na naman whats new",neutral,neutral
appreciation lunch at work good food but sucks being here on my day off lol,neutral,negative
sorry dunners just saw your tweet totally let you down im so sorry babe was at work till 830 very boooooo,negative,negative
"argh, i cant avoid spelling bee spoilers anywhere now i know the winning speller and word before having actually watched the bee",neutral,neutral
just got home from a work and not looking forward to it tomorrow morning oh and tomorrow night great,positive,positive
good for you rachel i have nowt,positive,positive
its my going away partyyy s you should come,neutral,neutral
i picked up some stuff i missed the 2nd time and to think you missed all the in jokes too,negative,negative
_pollard never im banned by court order,negative,neutral
noo sorry my loveafter that im going to pop about 7 zyrtec and go to sleep,negative,negative
time for my ritualistic friday night depression,negative,neutral
"happy mothers day to those of u that are mothers, and happy mothers day to all of your mothers i miss my mom",positive,positive
"its a peter gordon morning and i, go to pieces and i wanna hide go to pieces and i almost die ever",neutral,neutral
battery is going to die,neutral,negative
i like them all i just saw the movie 48 i would give it a 5 if tyler perry wasnt in it,neutral,neutral
"yeah, but mr moms i would say, appreciate their wives much more than the avg dad i have a new found respect for mothers now",positive,positive
yes i am thinking of staying in the office until its slightly less ridiculously hot,negative,neutral
"on the airport in philadelphia at the moment, waiting for the plane to leave in about an hour just six more hours on a plane",neutral,neutral
ocharleys pretty good especially when its free hot waitress i think so back to work unfortunately,positive,positive
"in the words of liana corber moreover, wiaih was a humbling experience i surprisingly had a decent night",positive,positive
i thought it was pretty good im not a die hard trekkie either,positive,negative
"haha, def that song is epic, have fun im listening to new fnb",positive,positive
"itï½s a beautiful blog, but iï½m not able to acess it anymore",neutral,positive
i didnt check twitter till just now thanks everyone for all the congrats i really really appreciate it,positive,positive
this definitely separates a professional robber from an amateur one,negative,neutral
kmf going smoothly so far free stuff is always a plus,positive,neutral
its almost past 3 time to go to bed,neutral,neutral
"thats just weird oh, and what was it you were drawing for me",negative,negative
_exp not where i live,neutral,neutral
"im getting really spotty and my spots always scar and no its not because i pick them, even if i dont,they scar fact my skin sucks",negative,negative
i really wish i would hear from josh,neutral,positive
i am so sad,negative,negative
"played some mythic brawl in order to get a good screenshot instead, i got a perfection",positive,neutral
happy birthday,positive,positive
i help represent high profile actors for their tvfilmtheatre careers so get free tix but not for jersey boys,neutral,negative
they should add dunkin donuts to their menu too,neutral,neutral
missing nathan and the bccg already and my best friends that tried to visit me heading back tomorrow afternoon,negative,positive
"oh, i see what you mean that is true if they are used improperly, which we know they are",neutral,neutral
im still full from the buffet at palms my stomach actually hurts ugh gluttony bites,negative,negative
imintheroom imwatchingthehannahmoviewithmomshesaidthisfilmverygreat,positive,neutral
i think its under a honeymoon by the good life either that or its under a honey moon by joseph arthur,neutral,positive
twitter you suck,negative,negative
_n me too i dont want to ooze while speaking either why do i have lame jokes about wiping social media off my shoe lol,neutral,negative
"man, that sucks and i feel your pain if you were local, id buy you a cup of coffee",negative,negative
just signed up on twitter yay,positive,positive
"awe i am sorry, probably true",positive,negative
my dad and joe nugent drank nearly all the ice tea i only have a bit left quite miffed tbh,negative,neutral
"watched the standard dvd 3d version, no blu in uk yet, 3d effect was best i have seen on home system yet, in 3d",positive,neutral
_skies i want to dance with you too i havent really listened to that song since you left it makes me miss you more,negative,negative
i know right,neutral,neutral
plus janessa hurt my feelings,negative,negative
maybe next time cant be away this weekend as much as id like to jump in the car and go pout,neutral,neutral
tinternet on blackberry fooked so no checking of the tweets and whether phill has taken up my request,neutral,neutral
"hahahaha nice i gave up on bio cos idk what the hell im doing, so hello chem",negative,negative
my phne blocks text,neutral,neutral
been to beach nannys just got back roast iater and then pudding,neutral,neutral
"tgif but its so rainy and blah outside i need sun trying to figure out what to do tonight, i want to go to prov to the hookah bar",neutral,negative
"going to bed, no plans for tomorrow, just hanging around good night people 3",positive,neutral
my parents wachting tv but it is terrible and there is nothing else me so sad,negative,negative
"pegelcape ya keliling kuilbut,totally awesomewas amazed by the temple,culture,ambiencetruly amazing thailand",positive,positive
ps i got ben button today completes my best picture nomsgot all 5 now it was a great year,positive,positive
"im sorry, andrew i wish there was something i could do",negative,negative
_seattle i totally 4 got about golden girls that is a gr8 show,positive,positive
we wouldnt miss it for the world iccvb meetings monwed the fun is just beginning,positive,negative
"i havent heard anything negative yet as a former manager used to tell me if theyre quiet, be happy",positive,negative
ooh but you soon get to meet the dung mice,neutral,neutral
this is fun haha re guy from all american rejects looks like hes on crack,positive,positive
is tanning with emily too bad its prob gonna rain,negative,neutral
feeling down again today is way too stressful,negative,negative
boo im a week late how long u in town for,neutral,negative
stupid red hair is too difficult on the upkeep redyed it a more manageable brownred boo,negative,negative
you fail at life,negative,negative
everything counts what are you drinking,neutral,neutral
i can has cheeseburger,neutral,neutral
cool i want you to take a look at this and tell me what you think,neutral,neutral
your schmoo is moving are you sad,neutral,negative
"you should hate your gender less not all men are bad in fact, i quite like mens",neutral,negative
"gonna go round up some dvds to sell i will miss them, but i need money",negative,negative
is feeling very happy despite the amount of work that i need to do today happy times,positive,positive
"trust me, thats a good thing your 40something self will thank you",positive,positive
is feeling fab today and missing my boo,neutral,negative
nice weatherlooks like its going to rain here in delhi,positive,positive
redbull has the same amount of caffine in it as a cup of coffee youre theory is quashed nicola,neutral,neutral
"iowa is like that sometimes, it gets frustrating",negative,neutral
i miss dooooooodddddiiiieeee,negative,negative
my cucumber has gone limp,negative,neutral
i absolutly love kill bill vol 1 i think lucy liu is sooo gorgeous,positive,positive
"lol nttn much juss mad that its been raining all day, and to add to that i dnt think u following me",negative,neutral
homework borriing,negative,neutral
tonight is the last jay leno late nigt show,neutral,neutral
she is all grown up,neutral,neutral
happy birthday to my,positive,positive
could get to do the honours,neutral,neutral
getting ready to go to ikea all alone cuz no one will go with me,negative,neutral
u said u was gonna follow its nita from ur live chat,neutral,neutral
had an awesome pedicure today,positive,positive
redskins release jon jansen that guy put in a ton of sweat and bruises for the team he will be missed,positive,negative
are you tinkn the people on the street in ny waiting 4 friday are crazy brooke,neutral,neutral
whoo hoo congrats on getting under 200lbs,positive,positive
hi lyndon if you get this before 4pm monday 11 may i have mail for you from via tasmania dm me,neutral,neutral
"i like tweetie better, that is what i use all the time",positive,neutral
r u still there i guess not i want to talk to you,neutral,neutral
is ur boyfriend better than mine hell no,negative,positive
yessir,neutral,neutral
i hope my mom enjoys her mothers day gift,positive,positive
its sprinkling outside i hope it doesnt rain during our game,positive,positive
i dont like this random gloomy weather,negative,negative
illys note in the book from one geek to another keep up the good work sigh he is missed and he was great for espresso,positive,positive
"haha you didnt see my macbook or my 24 imac in that pic, so feel extra jealous lolll",negative,negative
wud like to but i actually have a free weekend this time and family is visiting so im staying put next time,neutral,neutral
feeling smooth like chrome,positive,negative
thanks for sharing that,positive,positive
i fell asleep on the beach and didnt put on enough sunscreen lol,neutral,neutral
"just chillin in pjs after a short, but long week why is someone continually knocking at my door",neutral,positive
another loser i have lost the game more times today than any other day in history lost,negative,negative
what a day motorways and trains noooootttttttt fun,negative,positive
bleah a tad tipsy and too many cup cakes maddies birthday tomorrow family party,neutral,neutral
"oo, oo, i must compete let me login to my work email to see if i can top that",neutral,negative
tummy hurts,negative,negative
"heehee, how did you know who i was talking about",neutral,neutral
so cool if only i could call my phone wont let me calll the number,positive,negative
off to rehearsal for the rob delucca thingy next month nothing like learning new songs last minute,neutral,positive
thank you tomorrow is my bday too i tease my mom and tell her i was her mothers day gift,positive,positive
had the lovliest night last night but was ruined by doctors inability to warn me of side effects back again for more tests,neutral,neutral
let me google that for you,neutral,neutral
cant fall asleep,neutral,neutral
i just had a lovely lunch of curried rice and mussels with baby octopus yum,positive,positive
this cigarette is so relaxing,positive,positive
not been on for a while eh barry loltweet deck is like prehistoric lol,neutral,neutral
be sure to tell your mom you love her and thank her for putting up with you,positive,positive
not any more,negative,neutral
no santa cruz for me but i do have an interview at jamba tomorrow morning,neutral,neutral
then i guess that makes me dot,neutral,neutral
i know i love nicholas braun i think hell make an okay cameron but i dont wanna see it either,positive,positive
no one to go see tiesto with,neutral,neutral
"culture is increasing in india,govt has to make new laws such as wat will be charges if a boy tease a boy nd wat if a boy rapes a boy",neutral,negative
omg i would sooooo make dis show number one n da ratings,positive,neutral
these days have been looking better better betterrrrrrrr,positive,positive
thank you,positive,positive
you were right about karla not the best movie made,neutral,positive
haha thanks its for history and its on how the invention of television has influence america lol,positive,positive
yes it does,neutral,neutral
_baby your not talking about your obsession with me right,neutral,neutral
arg eirtaku got hit by stupid bots so much on a kid friendly site,negative,negative
lol no new diet planran late for wrk so didnt hav a chance to make lunch i ate a lot when i got hm,neutral,neutral
hell if i know im suffering,negative,negative
"got me a dark red hair dye, going to get some bleach",neutral,neutral
jimmy eat worlds initials are jewnew favorite band,positive,neutral
in a period of exams days are for study and nights for study and sleep no funny time,negative,positive
"thanks, none close to me",positive,positive
ready for the weekend and sad that i have to be at the office again tomorrow morning,negative,negative
"wow, honestly not surprising, every time they try to push that guy he gets injured",negative,neutral
sitting in gatwick going home for a week cant wait to see family,positive,neutral
"had an eventful weekend and nice week off, looking forward to a final chill out day",positive,positive
waiting to go to the movies later for my 6th month booored,negative,neutral
i have the immense pleasure of being entertained by pride prejudice for the 3rd time and i must say that i find it very much agreeable,positive,neutral
is is listening to heart aint brain by chris brown,neutral,negative
going to the courthouse to pay for tags taxes on all our carsthis is gonna be expensive,negative,negative
"look, im following you",neutral,neutral
"finally, i got my teaching load confusion cleared i will teach 3 third year sections but with a catch",positive,positive
"drop the girl shes only got it for your heart shes sure to leave broke and bleeding, and you know shell turn her back on you i lo",neutral,neutral
photo novusnovendo eyecandy live like a only he keeps his clothes on but he can take them,neutral,neutral
_elaine our chandelier is here i seriously dont know how 2 get it through our door without sending it crashing down our steps,negative,negative
"just got a crush on this song discos out murders in ruleaz, zic",neutral,positive
i have tried the teriyaki no cookie tho we got non winning poptarts with it all was great,positive,neutral
no more brother for 2 weeks,positive,neutral
"_nigeria oh yeah i know we met when i was taking out the trash, hhaha",negative,neutral
"_x hey cameron, i know it was amazing and i have sunburn too so my mum isnt happy,, my throat kills still 3 it",neutral,positive
workboyz make me sick,negative,negative
"its called a telephone i know its new technology, but its the way forward",neutral,neutral
yea its nice but im only here for a weekend,positive,positive
i have a sunburn line on my back from the tag sticking out of my tank top all day ugh i need aloe vera went to the park again,neutral,negative
im a lil sad looks like nomore brooklyn 4 a while wtf,negative,negative
sigh come to sac please it is the miami of the central valley,positive,neutral
"oh lol yes, on facebook thats a nice safe environment like a church basement",positive,positive
_escobar some people seem to be getting over it pretty quick and the guys to me didnt seem to care,neutral,positive
very malakas ang ulan how will i go to fort,neutral,neutral
now i have no sky until monday,neutral,neutral
squirrel where i hate squirrels,negative,negative
i hate thunder and lightning,negative,negative
"yeah, that was my point please dont make me feel worse than i do",negative,neutral
"i know i think im going to have to miss it, though this is when sacrificing money for job happiness sucks",negative,negative
my heads thumping,negative,neutral
big news but i dont know if i can share it,neutral,neutral
i hate today,negative,negative
happy mothers day 2 all the fabulous moms out there the world wouldnt run without us keep up the good work enjoy ur day,positive,positive
yeahbut i finish go home get changed etc etc then im off again,neutral,neutral
hahha i dont do drugs though,neutral,neutral
ugh worried about my math test,negative,negative
love dawn of the replicants love music monday,positive,positive
third date went wellmoving on to fourth,neutral,neutral
just got home from school it was fun oh btw its a music school,positive,positive
so i feel like for saying happy belated birfdayy im only a month late,negative,negative
goodnight peoples,positive,positive
"lol, good luck with that love your vid for ybwm",positive,positive
dude what i wannnnaaaa goooooo,neutral,neutral
time will tell,neutral,neutral
"wont be able to manage 3 nights babe, have lil ones depending on me here",neutral,neutral
dont judge me tucking myself in tonight mogwai on repeat,neutral,neutral
any chance you might come back to moncton i had to miss the show tonight,negative,negative
almost everyone can suck my right about now ive had it up to here with people me over,neutral,negative
i kno i shoulda came,neutral,positive
good morning twiggas and twitches getcha motivation on,positive,positive
i just made myself a wonderful breakfast now i have to get ready to workout,positive,positive
_phillips she says yes shall we say 630,neutral,neutral
"unfortunately, thats how it usually goes in answer to yesterdayim okay things may be looking up miss talking to you",negative,negative
watching boxing and waiting to go out to hollywood tonight,neutral,neutral
"tip for today the eagles are specials against the broncos, put your house on them",positive,neutral
"i just started watching 30 rock too, borrowed seasons 1 and 2 from my dad so good",positive,positive
hum 1 for bill bailey,neutral,neutral
its a gorgeous day and im going to work allll day just gotta keep telling myself its for nyc,positive,neutral
"so twitter is a journey now well, okay",neutral,positive
woo exams nxt wk,neutral,positive
haha mondo you really want me too send it,neutral,neutral
_1990 i kno i came in coz the sun kept going behind the clouds but now it has come back sat in my window now on the floor lol,neutral,negative
girls night in portland,neutral,neutral
"yes, cathy ordinarily, i dont have much of a problem with naked girls chasing me, however",positive,negative
back from dinner w my family im not meeting christine anymore sunny weather tomorrow and a day out about i want red bull,neutral,neutral
taco bell with the trampyesssssir,positive,neutral
gregshowing my friends audioboo everyone seems 2 love it ta for the headzup bro so need 2 get iphone roll on june,positive,positive
big hair rock day today me thinks here i go again to start xxxxx,neutral,neutral
"_x hah, well at least we are not saying tory is a fatty watty",neutral,neutral
i really needa find more stastics,neutral,neutral
haha follow john mayerhes a pretty funny guy i want to move to la its so much more fun,positive,positive
either my inerne is or my mind is but im pretty sure that its the internet,negative,neutral
god i just want to sleep,neutral,neutral
"hello new maccy, welcome to your new home",neutral,positive
shout out to my moms for wakin me up so prematurely preciate it,positive,neutral
"yeah, age of aquarius is a pretty scary song",negative,negative
"good morning miamiadc my weekend was great and i just had my monday, which was also great i hope you have a wonderful day",positive,positive
driving to work running late like always no time for starbucks,neutral,neutral
it was nice to meet you tonight thanks,positive,positive
god you twitter stop eating my undeleted dms,negative,negative
sometimes the fact that my health for the lack of a better word sucks really scares me,negative,negative
a im sorry i changed the picture just for you because you rock like that,neutral,negative
would be more fun to date then steveo,positive,positive
getting axkit running on ubuntu 804 is making my head explode,negative,neutral
"fun night tonight, and my house looks so purrrty until tomorrow when the kids come home",positive,positive
"took yesterday off treated myself to an outfit shoes, i have not treated myself in a while, my mothers day gift to me",positive,neutral
"lol hi emmy, latin would help me study for the aptitude tests to get into grad school thats why i wanna take it",positive,neutral
tidied hoovered the whole flat and all b4 10am today now were heading out2 german bakery 4 breakfast followed by a walk in the park,neutral,neutral
its really gutwrenching so sad,negative,negative
getting ready for work boohoohoo i dont wanna go to work,negative,neutral
desktop wallpaper like the inside of a monitor,neutral,neutral
red wtf happened to dark blue black stripes,negative,negative
"walking the puppies downtown also, mystery of missing cat solved he hid himself in the basement for nearly two days",negative,neutral
"im sitting here super nervous about the chiodos contest, i hope i win",neutral,positive
"_b i dont know but they arent worth it, only 6 people actually showed up lol",neutral,neutral
done with examsnow focusing on summer schooldayuumm lifes hard,negative,negative
i sunburnt through factor 30,negative,negative
i want some ice cream,neutral,neutral
lebron maybe the mvp this year but i like the lakers to win the nba title,positive,neutral
_thompson u may need this pilli think u are crazyhere take on of mine,negative,neutral
at work and it sucks big time,negative,negative
im glad that i called him cause our relationship is clear now just happy to hear his voices eventhough hes absent from school,positive,positive
some peoples kids,neutral,neutral
speechless,neutral,neutral
"okay, im out for a while back later",neutral,neutral
"gonna get off to try and catch some zs, no more high school after tomorrow which really sucks i wish i didn",negative,negative
haha i just watch a funny video on youtube made my day,positive,neutral
"awh tom, thats really cute i love you guys for that really, cause you care about fans x",positive,positive
journey wow u just became cooler hehe is that possible,positive,positive
lol yeah i forgot about your tweetdeck statuses so funny,positive,positive
thank you for the link it explains a lot and im glad youre feeling good ive a friend coming tomorrow will be fun,positive,positive
i really want to be a starhope flawless will work,positive,neutral
found out earlier today that im going to be an uncle,positive,neutral
happy everybody,positive,positive
hehe yeah its funny that updating people on the random things you do is so amusing,positive,positive
had an awesome lunch with the family now dinner with the inlaws,positive,positive
does that mean your going to block me,neutral,negative
i love it to but i knw there gna cut stuff out on tv,neutral,positive
looking forward to bens baseball game tonight,neutral,neutral
i agree about the redesigned q13 site looks great on computer phone,positive,positive
fml still awake melatonin not working,negative,negative
"yesterday i didnt do much because i was just lazy, but today i dont feel so good",negative,negative
"no your not they are very cute, how you going being a daddy",positive,positive
yay i too had some joy in that department,positive,positive
gaahhhh i want my stream back,negative,neutral
lapit na ko magout lapit na fated to love youhehe,neutral,neutral
"i wanna see up tonight, but no one will go with me whhhyyy",negative,neutral
i am on blaze and my head hurts,negative,negative
"ok, seems i need to remember what account im posting as that last tweet was a _fc tweet",neutral,neutral
i cant eat a hot pocket anymore without thinking about jim gaffigan,negative,neutral
i agree i danced with my dad to kind generous at my wedding huge fan,positive,neutral
"trying to have a baby, dont want my soda addiction to be a problem, so i quit still sad and craving it though",negative,negative
out shopping,neutral,neutral
ugh boring friday,negative,negative
yeah me too,neutral,neutral
mmm much better day so far its still quite early last day of,positive,positive
star trek is really good i loved it too,positive,positive
thanks pp,positive,positive
is in the costume shop cleaning and starving bring me food,negative,neutral
just joined twitter hiya world,neutral,neutral
use mozycom,neutral,neutral
yay for st louis traffic,neutral,positive
"thanks hun im wearing my new goldmine es and big false lashes, but it doesnt show",neutral,positive
"oh no a lot of people are starting to tweet again hope you could still read our multiple tweets philippines tour, please",positive,neutral
its not just you its properly dragged this week,negative,negative
its after 12 an man is texting me telling me that he wants to come overi say im tiredlolda punk says hell bring me redbull and kfc,neutral,negative
loves finding new followers,positive,positive
this will be the worst day evergraduation,negative,negative
"now that i think about it, when i get to the states theyll probably still be touring so they wont be at home dammit",negative,negative
hahahahah 04 would be the chief contributors lol,neutral,neutral
_boduch a you will get more friends on facebook just be yourself and people will add you,neutral,neutral
san diego move down here although whether right now is pretty cold im waiting for the suck so i can go surf i love you,neutral,positive
today is 777 days until leakycon 2011 awesome number but i wish it wasnt so far away,positive,positive
fml i just spilled my entire can of diet coke in my lap yay,negative,neutral
ive heard basment jaxxs new song raindropsthats fantastic and makes me dancing i cant wait fuji rock festival,positive,positive
awesome night in the city,positive,positive
jonas rocked tonight going to bed after i write a lil bit night and bless all,positive,positive
no mine looks the same,neutral,neutral
didnt get to go wakeboarding but ill be good cause im having a lush night,positive,neutral
"yeah, i didnt buy that for one hot minute",negative,neutral
"going home but when i get home , black berry woo hoo and get to see presten 3",positive,neutral
eeehhh my right eyes twitching gonna go and watch boystown happy birthday,positive,positive
hallooo bayernhallooo stau,neutral,neutral
pnutt got a new collar and leash today,neutral,neutral
omgggg hawaii thats amazing i wanna live there,positive,positive
being broke on the day guitar hero metallica comes out boooooooo,negative,neutral
i dont want to be home all by myself all weekend what should i do,neutral,negative
"i want to go shopping tomorrow, but i have to work buy me things, you know you want to",neutral,neutral
a it works ok for me but i have an apple laptop so it might be a little difference,positive,neutral
the killers where the best a bit disappointed that the last song was cut short can you watch it in full on iplayer,neutral,neutral
my phone is dead and my charger is miles away _s_r ill talk to you in august,neutral,neutral
o okim jealousi wish i was in bed,neutral,positive
__ aww bless her shes one of my faves,positive,positive
"we actually have milestones due for 3 high profile projects in the next 2 weeks, they are all scheduled when i am on vacation",neutral,neutral
or even nooooo not the secret namerebecca please,negative,neutral
isnt a bit of little britain in all of us,neutral,neutral
lakers tomorrow kb and df ftw,neutral,neutral
hahhahah im watching the greatest movie ever,positive,positive
i cant believe i thought i had a morning shift today and told alex that i could take him to the airport his flight is during my shift,negative,neutral
so treat your moms like queens cuz they are,positive,positive
ugly what programmes do you have open,negative,negative
"sounds good and yeah, i turn 21 tomorrow so ill definitely be partying",positive,positive
"that suckswish we could get it there cheaper if youre in montreal, theres a cool shop that carries them up there",neutral,positive
bank holiday off to the station now catch you all later,neutral,neutral
"has roughly cleaned his room, and now is heading to pablos to read",neutral,neutral
traffic jam outside of chicago i feel very office space right now,positive,neutral
just woke up and catching up on the nightly tweets,neutral,neutral
just saw up with my favorites and surprisingly it was way too sad,negative,negative
_b_ shes bad they wont sort her out and is in a lot of pain,negative,negative
nooo i wanna watch the comet dont wanna go workk,negative,negative
welcome back im stuck in jury duty today,neutral,negative
waiting for tish to get off got to drive my moms crv to pick her up all my myself and duckie first time,neutral,neutral
you guys look so nice,positive,positive
indo girl in thai traditional clothes being object for tourist at wat arun,neutral,neutral
thats a bummer i havent got one yet been waiting over a year grrrrrrrrrrrrrrr,negative,negative
hey its back robluketic live,neutral,neutral
its funny how i want something even more now that someone else has it and i cant anymore hahaha next,positive,positive
hehesorry ive never been very good at blending in,neutral,positive
saw the new star trek movie yesterday twas very good having a quiet day today off to the gym then for lunch,positive,positive
watching beauty the beast haha,positive,neutral
"yes i made the sign when i noticed it missing on sunday so far, no luck its now unlucky japanese cat",negative,neutral
totally addicted to xbox carcassonne i also really love tomb raider legend and still badly need bolt,positive,positive
a 35 minutos splitup,neutral,positive
happy its the weekendlove has knocked me down yall,neutral,positive
is listening to jello biafra at work,neutral,neutral
"can we turn back time, make it so you didnt hurt your knee so bad and then you can come to mine and never be ignored",neutral,negative
"haha ya, my friend and i are totally having a kick off party for the occasion",positive,positive
weve never heard anyone say they like doing anything on monday mornings you must have had an early cup of coffee or two,neutral,positive
"is sipping oj in the sun in san pedro at la soberana again, with sunny smiley nita the garlic tomato paste is delicious yummy",positive,positive
"yes, dahling you are definitely one awesome tweep im sending love and kindness across the ocean to you",positive,positive
"rap battling at second sat, now at the moviesss haha i swim in a lake of sex matthew m ghosts of girlfriends past",neutral,neutral
happy mothers day to all the mommys out there,positive,positive
"thx i became ibm master inventor in 2008 really enjoyed your blog, particularly with the vegan tag",positive,neutral
rock week i dont think dannys gonna go home this week hes never been in the bottom three and hes a really good singer,positive,neutral
hahahah of course they have such a nasty display picture,negative,neutral
"me kelly share the same last name, wouldnt that be sweet if we were related",positive,positive
thats nice my cousin just left my house he has daughters their all daddys girls so sweet,positive,positive
how you not gonna follow me son,negative,negative
ok no one was interested in my special now the popcorn is stale what a waste im going to find a homeless person to give it to,negative,positive
riley had an alphabet fashion show today and i forgot my camera it was so cute,positive,positive
taking 40 underpriveledged kids to the circus 2moro big day planned i still aint feeling 100 so nervous right now,negative,neutral
well i did put in a good inningssweared at the brother in lawwas in fine form,positive,positive
be sure to go by my blog today and check out your friends i bet you have some new ones today,neutral,neutral
wheres my new,neutral,neutral
at the gig toasting your speedy recovery sorry you cant be here,neutral,negative
"_the_moon do you mean jim bob, obviously or fruitbat i think jim bob played brixton at the weekend cldnt go",neutral,neutral
thanks have fun at work lol,positive,positive
you are on mii listpermanent mii dude,negative,neutral
breaking news gm shares are currently trading below 100 at only 88 per share,negative,neutral
"aww lovely hope you had a great mothers day, our little mother hen did you get in contact with sharn",positive,positive
finally got my money too bad it goes to bills,negative,neutral
"so happy great, glowy, ravey, beery night now smokey, pizzary night with cool friends and i love liz x",positive,positive
goddamn bloody stress and sending my body haywire,negative,negative
elliott claims steak and shake has been doing this for monthsnot exciting anymore,negative,positive
reaaaallly bored,negative,negative
thanks for ff wink,positive,positive
"sigh stayed up late cause was on a role w assessment, now im so tired my eyes r stinging my head hurts i still need 500 words",negative,negative
shelaaaaaaaa,neutral,neutral
chapter 27 probably on monday i still need more comments,neutral,neutral
is tired and is gonna go to bed now,negative,negative
"its clear intellectually that severing my relationship was best, yet my heart seems 2 b in complete disagreement it hurts so so much",neutral,positive
enjoying and exploring my n96 phone grr its awesome but i wanted the samsung omnia,positive,positive
"i need to see now someone buy me a plane ticket, please",neutral,neutral
excited about having an empty apartment to ourselves for a little while,neutral,positive
_rankin i know a whole different meat pie back then,neutral,neutral
blimey youre still suffering,negative,negative
"off to work again yo ho, yo ho, another day at the hell hole",neutral,negative
is wondering why no one else is following it cmon people,neutral,neutral
sweat is just not cute unfortunately i havent figured out how to work out without sweating boo,negative,negative
"rt for entertainment at night, bring your favourite mp3s there should be a way we can enjoy music together",positive,positive
yeah p,neutral,neutral
is anyone else having problems following and unfollowing peeps for me this has gone on for over a week,negative,negative
getting ready for work think im catching a cold yay now i gotta pull a 9 hour shift holla at ya sometime tomorrow peace,neutral,neutral
changing my online nickname to mtaby which will hopefully be my uniqname as wellhope the change goes by well domain is available,neutral,neutral
is chatting to one of her besties,neutral,neutral
i dont like things getting confused seems to be happening alot lately,negative,negative
"okay, got the card, but my phone is up at the moment please use email to reach me, sorry",negative,negative
hey keep clear robluketic live,neutral,neutral
yo wats up how u doin 2day u havnt answerd any of my replys,neutral,neutral
having an awesome day you should i expect as much out of you,positive,positive
so great to hear from u again today u r the best cannot wait to see u on the cruise 3 cindy with the sign,positive,positive
sunburned on my face legs fixing to be my arms tooo,negative,negative
ugh my usual babysitters graduation is on wednesday and i just got a meeting request from my boss during her graduation,negative,negative
dont be mad at me please puppy dog eyes,negative,negative
so i love my mac but msn doesnt work on it still,neutral,neutral
"ohh yeh , but he was on sexy men so its okay",neutral,neutral
great new directory on babysitterdirectory coming soon and its a directory with a twist all will be revealed next week,positive,neutral
awww for me i just think shes tooo young or just not ready for it tis painful to watch her so upset,negative,negative
"just put the brats to bed, now im chillin with noodle",positive,positive
im sorry to hear that,negative,negative
"_x ive got my essay plan written out now looking for a couple of references, then ill get writing",neutral,neutral
finally got a call for marriage counseling 3 days late,neutral,positive
"first impression of silverlight sadly, based on what i saw today, its quite problematic",negative,neutral
good morning work this morning gutted lol nevermind,neutral,negative
really wants to go see the script in ny in august but no one will go with me,negative,neutral
officially has pink eye,neutral,neutral
"alright i really wish you guys couldve done a show in tennessee because now, i cant go to one of your shows",neutral,positive
_shan_west im so excited to see u its been forever my lil shan shan gettin married ps did u really get a tattoo lol,positive,positive
"bye yall wolverine soon ooaf hugh jackman, tell ya what he can sctrahc me anytime",neutral,neutral
wow i love it thanks,positive,positive
its been interesting today to say the least overall a good day,positive,positive
"oh good, this thing is viral now",positive,positive
", ahhhhhhh so excited for july 21 ecxept stupid australia wont get it til like decembbberrrrrrrr but stilll ahhh congratss",positive,negative
"what i would have done with legless stillborn spaniels, no idea but i was sad, so now, 20yrs later, strawberries dead puppies",negative,negative
fishing on wow while listening to ska on pandora such a lazy sunday morning,negative,neutral
rat run steve irwin way to avoid long delays on bruce highway,negative,neutral
happy mothers day to all the baby mommasss rofl,positive,positive
happy mothers day to all the moms out there just finished having lunch with my relatives i wuv you mommy and granny hahaha,positive,positive
we had bbq chicken pizza last night although it wasnt deep dish glad to hear you had fun in pr,neutral,positive
"ok, i want to quit my job",neutral,neutral
photo great night,positive,positive
i am using an onscreen keyboard,neutral,neutral
wowi have to many bookmarksi just spent a good hour organizing,positive,positive
"at la fitness, at work right nowpretty busy morning",neutral,neutral
can you send ringtones to iphones idk how to regular ringtones for it,neutral,neutral
"done jack in the green today, it was good, a killer walking up the west hill though listening to will and the people",positive,positive
finally having my cup of coffee,neutral,neutral
i had my hair cut today and my boyfriend didnt notice,neutral,neutral
but then you wont see her hotness much either,neutral,neutral
"amazing the concert, the city, everything it was really an awesome trip",positive,positive
i did that once,neutral,neutral
its 2am and i still havent gone to sleep yet up early to hit the beach and then shopping yays,positive,neutral
"doing pretty well, up and wide awake",positive,negative
him shirt at dinner do you need to ask does it actually have ville on it,neutral,neutral
wants to greet all the moms a happy mothers day,positive,positive
watching jimmy f delete all his social network profiles no more jimmy cyber time,neutral,neutral
"ach im back on tinternet, and has to go drive her mate somewhere so is wout internet",neutral,negative
massive headache,negative,negative
im lonely i need some hug,negative,negative
i was sleeping soo good but just woke up like 10 mins ago n got sick not feeling so great i wanna go back to sleep but im wide awake,negative,negative
it was blatently your fault for just shoving it in the bag when i said no i felt that you had very much tricked me,negative,negative
took a shift tomorrow i dont really feel like working right now,negative,negative
arre seriously they shud take his sperm nd clone him into 23 yr old single guys,neutral,neutral
princess_i have to pack up my house today butineedhelp,neutral,neutral
is anyone there please say hello im feeling lonely,negative,negative
try installing twibble which is a java based app that should work on most phones,neutral,neutral
mattcuttscom domain umzug und neues design,neutral,negative
"yea, i really need to learn to reload my own",neutral,neutral
oh kimmy really i give you one week from when you get home to hangout with me i better get to see you 3,positive,positive
hope yall enjoy the musicboat cruise what a tough job haha,neutral,positive
yay mom bought me the sakura bodyshop lotion 3,neutral,positive
8am math final wish me luck,positive,positive
good question nepal pm declaring to resign and actually resigning is two very different things,positive,neutral
why you stop following me was i not cool enough for you,negative,positive
lol you sure love that sushi youve tweeted many pictures of it,positive,positive
"yes i love manchester orchestra,and sigur ross all the other bands ive never heard of but ill give them a listen thanks",positive,positive
"lol, me too",positive,neutral
math quiz if meow but allergies then meow allergies,neutral,negative
ive finished them now,neutral,neutral
me too i need the sudden urge to do it missing the diplomat title,negative,neutral
still waiting to have a beer with moldovan at least hes happy i came,positive,positive
he killed everyone for nothing o ss,negative,negative
mmmm yes please,neutral,neutral
"wow, such a crazy night of ever changing emotions i liked it tho",positive,neutral
"im sitting in altanta its raining in boston yay for flying in the rain, that should help with my fear",neutral,neutral
"hey babe follow me,love u on da show",positive,positive
greys sweet surrender,neutral,positive
"im on it, probably not until next week though",neutral,neutral
_agwl talking to whom this shah rukh khan is an imposter here lol btw thanx for the follow,neutral,neutral
aww nice,positive,positive
being attacked with cola all sticky,negative,negative
"hey kelvin, my days been fantastic so far were getting ready for a family mothers day function shortly",positive,positive
"i saw this 6 week diet that was no sugar, no rice, no wheat, no potatoes, as much protein as you want so i just did no sugar",neutral,neutral
today is lame because i am not in orlando i am soooo looking forward to next friday,negative,negative
"signing off folk, might be back on later",neutral,neutral
"_illustrated me too its hard to argue w him cause he makes some great points, i just cant wrap my heart around that one",neutral,negative
off to work,neutral,neutral
"maybe because you got in 4 hours ago from an awesome night nah, that cant be it",neutral,positive
having trouble syncing my iphone to my work exchange email help,negative,negative
i couldnt eat all my nuggets finish them for me,neutral,neutral
"loved ap tour in columbus, oh last night im still exhausted goin to bed now so sweet dreams gnight",neutral,positive
im fine thanks wbu,positive,positive
i lied have yet to see good looking men,neutral,positive
ive got a cold too it sucks and u were awesome in ipswitch xd,neutral,negative
good times haha ily christian and mo gonna watch dazed and confused in a while ha also my first time watching it ha im so lame,neutral,positive
how sweet,positive,positive
"back at it after a weekend of working in the yard didnt open the laptop once, and im thankful",positive,neutral
"ha ha, might be ive doubled my morning intake already in the last couple of days now have a huge bowlful",neutral,neutral
i hate my arrival in the employee parking lot,negative,negative
"tgif,i wish that saying applied to me, but i work saturdays",positive,negative
_autism but on the bright side youre on twitter morning,neutral,neutral
"susan egan, i love her and yeah, it said i would have a pleasant trip",positive,positive
not gonna lie its 60 degrees in here thanks for leavin me your sweater molly brrrrr,positive,positive
wishing all mothers happy mothers day,positive,positive
funeral ceremonygloomy friday,negative,negative
its friday night im home no party this weekend,negative,neutral
"_anekie ok darl, i will suggest you to the mua tracie weaver, as shell be making the decision",neutral,neutral
i know exactly what you are saying its so not cool that is why tapes were better p,neutral,positive
"abrams has his quirks for sure ill summarize my post like this decent flick, but not a star trek story",neutral,neutral
dont worry you will have ava to distract you on the flight,positive,positive
happy moms day,positive,positive
"i feel so stupid for saying this, but i dont know how to twitter some one please help me ppl please do not laugh, ok laugh but",negative,negative
"all mothers, happy mothers day, at all nonmothers, happy sunday, the 10th of may",positive,positive
"erocka the ruler i called you, but i see i gets the no love whats up with that",negative,neutral
happy mothers day to all the mommies out therewe love you,positive,positive
"done with the fkn exam n just bought the mothers day gift, finally tada the new prada fragrance going to meet up mum n fam now",neutral,positive
i know exactly what you mean my treats are more awhile than once in,neutral,neutral
back to work,neutral,neutral
snoops uncle who was the coolest dancer ever,positive,neutral
"nm dang, you on now but i gotta bounce in like 4 minutes im just chilling the usual",positive,negative
alright gang gotta go park with family for an hour back then mwahs to yu if you head to bed before then,neutral,neutral
watchin grease 2 and waiting for 9 to hurry up and come so i can talk to my girl ugh it seems so far away,negative,neutral
"oh yeah, im the poorest person of all but i shouldnt joke about that, poor other people",negative,negative
"has just finished uploading my latest chap finally now, off to watch the new happyslip vid 3",positive,neutral
so the movie was 3d and really gooood,positive,neutral
off to the cheese counter i go thanks,positive,positive
"hilarious so if she acts up, all you have to do is say 1 little wordgummed up grosses me out hub says it 2 torment",positive,positive
aaaaaahhhhhhhh soooooooo sweeeeeeet i miss that age soooo much,neutral,negative
borat was so less,neutral,neutral
"twit twit twitter trying to legally watch a movie online, its not happening",negative,negative
oh thank god so sad that im this happy,neutral,negative
i want some cookies,neutral,neutral
happy monday up and about going to tavares today hope everyone has a blessed day,positive,positive
im gladsad that its not just memy iphone,neutral,neutral
hehe true i wonder what he will come up with,positive,positive
tomorrow night would definitely work,neutral,neutral
aw got orthodontist today,neutral,neutral
o i c i have no excuses i just love bein comfy,positive,positive
"tomorrow afternoon well, later today actually is a shoot with seattle sinner newspaper and femme fatale seattle photographers",neutral,neutral
good morning in twitterville off to work i gochat all of u later,positive,positive
"killed a pigeon today thought it was going to move out the way of the car next thing i know, bang feathers in the rear view mirror rip",negative,negative
you didnt give out advice like i told you,neutral,positive
cant stop playing fallout 3 this game is addictive like crack its bad when you dream that your repairing guns in your sleep,negative,negative
happy mothers day to all you mom out there,positive,positive
"hmm im disappointed i made 2 servings, and i am only able to enjoy one because my stomach is now full wishing i had company to help",neutral,positive
you really chose the wrong time of year to do this didnt you,negative,negative
whatever workweeks over time to go play with new phone sim card didnt transfer contacts list,neutral,neutral
yeah its friday but i have to work at 5am tomorrow oh well going shopping afterwork,neutral,neutral
amost there,neutral,neutral
_dazzles well tonight would be a good time to watch,positive,positive
argh why why why,negative,negative
theres only one thing i hate about friends and dats when they move skl they forget about yuu,negative,negative
watching ellen love her then doing the dishes and tanning its gorgeous out,positive,positive
_654 its this damp weather,negative,neutral
just discovered a painful sunburn on my right sholder hopefully it just turns into a tan,neutral,positive
"i got my film developed at asda, half of them are just gray and some have a black box on the top half why",neutral,neutral
wellity i think ima gonna clean my room i need to read a good book sense and sensibility here we come beat the lily,positive,positive
"husband went off to bed, now off to missing him again until he is off again tuesday",negative,negative
good morning,positive,positive
sick again,negative,negative
dreading the weekly grocery shopping,negative,neutral
not for too long i hope x,neutral,positive
is now going to see his very ill uncle on saturday and spend the night at his house as even more bad news has come up,negative,neutral
thank you,positive,positive
my nail broke i haaaaaaaaate,negative,negative
my kids count down the days till saturday i hope its something they remember all of their lives,positive,neutral
instant internet marketing empire bonus recoup your investment in 24 hours or less,neutral,neutral
man that sucks,negative,negative
moooorning fancy a coffee,neutral,positive
i work at the group home,neutral,neutral
"bgt was just amazing tonight, and threee amazing acts got sent home",positive,positive
"thanks let me know which print from my gallery you would like, and we can work the details out",positive,neutral
lucky to be where i belong,positive,positive
"ah yes, i know that feeling",neutral,neutral
140 pages and im done with eclipse,neutral,neutral
morning dont ask me why im up so early,neutral,neutral
"thanks, i couldnt find a way around it on itunes though, found a little app called switch that did the job nicely",positive,positive
"i must have applied for about 20 jobs every day this week, why wont one of them contact me",neutral,neutral
psh im not cool enough to go to their openhouses,negative,positive
wants to go the the vintage paper show but no one will accompany her,negative,neutral
walls of jericho please come to worcester asap candace pleeaassee why did flee the seen call it quits whyyy,neutral,neutral
"you know when your make late night calls to india team members for more pictures, your struggling with your message thanks",negative,positive
"oh chris, so sorry about mr raccoon obviously not a female, cuz any female of any species would adore you hugs, angel",neutral,negative
that is awesome,positive,positive
but i have to cause i missed a lot of classes,negative,negative
says goodmorning,neutral,positive
"oh same here, cant believe they killed him off hate stringer now",negative,negative
"woke up really late today just had breakfast planning to stay home, watch tv shows and do nothing eat too",neutral,neutral
haha happy star wars day may the 4th be with you clever,positive,positive
computer pissing me off 4 gig ram 25ghz dual core and vista freezes you microsofti want win 7,negative,neutral
i love you guys get your to australia in december for my birthday,positive,positive
drinking lemsip cause apaently i need ittt im not sick,neutral,negative
about to enjoy the silence,positive,positive
i see,neutral,neutral
they r the most random things that my mind can churnas the chennai heat gets to me i can assure u these will b more often,negative,neutral
ive been,neutral,neutral
socal stoked or maybe not tomorrow,neutral,neutral
i just downloaded bonnie and clyde by beyonce and jayzan old fav,positive,neutral
"enjoy springsteen, im seeing him at glastonbury in june give us a report when you get back",positive,positive
its the nonwww fail that works,negative,negative
food cheesecake factory w travis he lost his passport btwn sd and lv,negative,negative
"oficially back to work, all systems up and running smoothly",positive,neutral
wow thats quite a long time for studying good luck with the job hunting thoughyes also a mac user imac this side hehe,positive,positive
burning time at wacha,negative,neutral
stopped at the store to pick up some items and debit card is missing,negative,negative
thanks buddi and its no problem your my friend yah i should post more pics of london nothing much really u,neutral,positive
oh no,negative,negative
"i assume you mean 2nd item with 3 nested lines, but no invert call tree button to be found ï½ ï½ ï½",negative,neutral
"aaahhh, showers are great",positive,positive
finally a black disney princess,positive,positive
"yep, ah, , i dont wanna leave my warm doona to get a hot beveragei guess ill just have to make do wo it",negative,neutral
grad present photos on facebook,neutral,positive
had a lovely mothers day,positive,positive
finally home crazy party 2nite thanks 4 driving me home,positive,positive
i met him hes from where i live he goes clubbing the same places lol i dont get twittter,neutral,neutral
it was t4 i think hannah,neutral,neutral
u no there was no point pointing it out yesterday and ppl had 2 wait til midnight they were kinda pissed,negative,neutral
lol thats the highlight,positive,neutral
_ranjan did i ever mention what a nice and awesome dude you are,positive,positive
i shouldve known something would go wrong the van is having problems oh please tell me it will not cost us an arm and a leg,negative,negative
mothers day pak,neutral,positive
i really like how the weather widget on imac and iphone always predict different weathernot,neutral,neutral
"_x when my brother is 18, i will have moved",neutral,neutral
not so good,negative,positive
"was on the list, i paid 5 to get in, but if your under 21,you cant go in and out, but it was gettin so hot, so we went outside",neutral,neutral
your not alonei need coffee too,neutral,neutral
just gott home from work and now relaxing,positive,negative
and u are doing brilliantly sweetie blessings and joy to you,positive,positive
jennah can u just tell jay i said good night plz im asking nicely,neutral,positive
its a shame that the dreambears wont get through,negative,negative
dont know yet lemme know if you come up with something though,neutral,neutral
hehe yeah but too late hun,neutral,positive
cupcake you can call me anything but bitch i supposeand even then under certain circumstances,negative,neutral
i fee your pain its lady ga ga and it will drive you insane oh dear god her songs are in my head,negative,negative
blast from the ing past nts why must you suck so badly at school,negative,negative
i wish i could go to the love music hate racism gig this weekend im not in the right part of the world even,negative,positive
"a reply from would make my life, he replies usually to the people who call him , then he tells them he willblok them",negative,neutral
i wonder if there is a life after alzheimers caring beyond despair poverty sux but commerce is futile there is no description mommy,negative,negative
def wants to cuddle it out maybe play but has no one to do it with the bc is far away,negative,neutral
awwthats my last one roooop,neutral,neutral
"there are wonderful people in my life who i think i can handle only in small doses there is just 1 i cud be with every hour, everyday",neutral,negative
_hayward go two way mirrors,neutral,neutral
the washer se chingo ha ha im busting my grandma lucia waaaaay back in the early 90s lol,neutral,neutral
_leigh u know wut devy dev it sure does suck havin no id my weekends r gone miserable for 3 weeks so drink 4 me plz,negative,negative
whaaaat when did that happen,neutral,neutral
"what you said about aj made no sense,hahaha what were you talking about and i loved that picture of you and colin",positive,positive
trudys off burnetthe one up north that no one goes to,neutral,neutral
bye have a great time being whisked away,positive,positive
why thx i was only at the conf on thurs,neutral,positive
shut your face why are you so mean to me pedro is supposed to be the mean one,negative,negative
awww omg garbo fake playing during one of the songs haha,negative,positive
have fun at the viper room tomorrow night i know the fam out there will be in attendance to support all of yall,positive,positive
happy mothers day ang,positive,positive
wish my u2 beta key worked now dont want to wait till wednesday to play,neutral,neutral
they ended up staying late but how was ur night lol,neutral,neutral
u so funny but u right i like bsb but im not as fan than u i love much better tupac tlc2 bad theyre not singing anymore,neutral,positive
"sh t, im getting even more sad im currently at the library and j think itll be the last one tooooo",negative,negative
wow my god the whole ui is sooo much snappier its more responsive than tweetdeck now tweets feel like ims lol,neutral,positive
is sad coz hyd thekas dont have beer,negative,negative
_ not as yet i would just like to know if its okay for your mum before ask my mumm hopefuly there gonna tell us soon,positive,neutral
the weather outside is weather hahah made me feel better,positive,positive
im sorry about your car i feel for you,negative,negative
is gonna have an irish wedding,neutral,neutral
ugh feeling sick to my stomach and i have five more hours of work to go,negative,negative
missing from bkk na,negative,negative
loving my new tv,positive,positive
a great song by east clubbers,negative,positive
goodnight beautiful world sweet dreams olive juice,positive,positive
"_pills we have a punching bag here but ive never touched it, covered with my brothers sweat but u can use it if u want hehe",neutral,neutral
feelin nice after this bottle of bacardi,positive,positive
yay were gonna leave earlier cant wait to get back to hawthorne,positive,positive
"i am in school absolutely i have been sick i want to go home we are writing of geography, the best it will",negative,negative
i am not feeling well,negative,negative
i hear you it pisses me off haha,negative,neutral
thanks for the feedback everyone,positive,positive
justin timberlake snl awesome dude should just become a regular,positive,positive
just finished curling her hair and now has to finish getting ready but doesnt have a ribbon to put in her hair,neutral,neutral
going to jacks tribute match today,neutral,neutral
"i really really hate biology , u______________________u",negative,negative
i know but i still want to see it,neutral,neutral
"he died wait, what about magic jack i just read it",neutral,positive
finally lost fm97,negative,negative
school can blow me he looks nice today thoughh,positive,positive
everybody is leaving work early except me,neutral,neutral
i wasnt feeling it,negative,negative
hahahaha awww uduhn lun me no mor,neutral,positive
tried to edit the page but couldnt add my name can you pop me on the list please,neutral,neutral
my mother is drunk grrrreat its okay its mothers week,neutral,positive
"its so hard to keep up with everything theres the whole coldplaying, twitter, facebook and not to talk about real life impossible",negative,negative
aww sorry for both of you may the lord give you strength and rest today,neutral,negative
"is having a darts party with the parentals, my neighbor, and",neutral,neutral
is taking the dog to the vet then a play date with annabelle,neutral,neutral
for me theyre not,neutral,neutral
little louisa is number 3 trying to get number one,neutral,neutral
true that dont know why i bothered this morning cos i just put it up in a pony soon as i got to work anyways,negative,neutral
"oh, i forget things you see ahah i hated that it creeped me out",negative,negative
were you going to come the venue said that they couldnt afford to open so cancelled it i wish we were there now,negative,negative
kayla i went to go visit you but they wouldnt let us in school,neutral,neutral
has a gym day and is hoping to enjoy the last friday of her twenties,positive,positive
"the sun just came out pray for me guys writing skills test no pass, no class, no graduate",neutral,neutral
decided not to goi want to see my sweetie but i cant,negative,positive
thanks to follow,positive,positive
"stuck in an office, red hot",negative,negative
"it shocked d i, too puts things in a whole new, empowering, light now doesn",negative,neutral
ugly betty was sooooooo sad,negative,negative
writing some mild and wild articles,neutral,neutral
wishing the rain would stay away for a while so that i can go to the pool,positive,neutral
i will not be late i will not be late i will not be late,positive,negative
too much sand in the sd 790 from pismo this weekend another canon powershot broken 2nd one in a year what to buy this time,negative,neutral
holy cheese sending things to the motherland is muy caro,neutral,neutral
"_morales i like you i mean as a random person, because i obviously dont know you but we think alike",positive,neutral
"im hard core, you just dont know it",neutral,negative
awww i hate that one,negative,negative
watch jay leno tonite its his last day as the tonite show host and late nite leader,neutral,neutral
"lady in the water is pure bs, but i remember enjoying his other films",neutral,positive
now we are also on twitter follow us to know the latest,neutral,neutral
i would be playing my old rogue but a friend took the account and could not get it back,neutral,neutral
i know hes mad at us,negative,neutral
amhzz did u get an invite i miss u,negative,negative
still awakedoing my assignments and playing virtual farming,neutral,neutral
arrghh stupid eczema i have to go soon sort it out,negative,negative
ikr,neutral,neutral
haha at the somerset theatre in ottawa i remember that well the more things change the more they stay the same,positive,neutral
i need food it took an hour to get to work this morning leaving me no time to get my morning coffee and bagel,neutral,neutral
hey im on facebook come check me out tell me ur username if you add me,neutral,neutral
well thank you,positive,positive
on my way to school of my last friday of high school ever and i dont even get to see holly gabbie and hannah,negative,neutral
just relax,positive,positive
lol read me like a book,neutral,neutral
gonna have to have arthroscopy to repair my knee,negative,positive
_apple miss you too kid i sent msg to you on yt,negative,negative
archuleta cook will arrive in 2 days,neutral,positive
sorry not unemployed,neutral,negative
omgthe heater in my room has been on all day while i was at school now its boiling,negative,neutral
i dont remember cause i was watching so many on youtube lol will get back to you,neutral,neutral
whats that the sun no sign here,neutral,neutral
"ending my evening on the best note i will love you forever, tweets",positive,positive
"anytime im off i cant match your stamina my nice, warm, comfy bed is calling screaming my namelol night ninja",positive,positive
poor thing come watch tv at my house lol,negative,negative
"bananabrain2 got hit by a car and got screwed o, 32 oepn wounds, a broken finger, broken toe both toe and nail fed up",negative,negative
"did some research, but couldnt find the specific thing which i wanna do with this drives autorun",negative,neutral
"will you uh, marry me haha just kidding kind of youre hot though just so you know",positive,neutral
i knew there was a reason i hated cars 1 too slow 2 too big 3 i get car sick 4 motorbikes are much much much more fun,neutral,negative
"cont a bastardized version of french its fun, believe me",positive,positive
not impressed it might go away if you complain too much x,negative,negative
"last leg of my travels today totally exhausted, but thank goodness ed is keeping me company",neutral,negative
i loved johnny carson now im going to hate seeing jay leno go,negative,neutral
morning tweeple,positive,neutral
new project work,neutral,neutral
_lipz i dont know i havent heard from lorraine recently,neutral,neutral
saw a black snake in the garden went back for a picture and it was gone,neutral,neutral
hollowbabeshere comes the utter shite i completely agree,negative,neutral
no wonder were married night love 3,positive,positive
bottle of reisling this time my favorite,positive,neutral
im so worried about my sisters guinea pig i hope stalin makes it through tonight you can do it baby,neutral,negative
summer clothes panic overi see rain clouds still going swimming thoughim feeling in a holiday mood,neutral,neutral
good afternoon jonas brothers x,positive,positive
on my way to my dads with my sistas rip deb,negative,negative
thanks to all who follow me wish yall the best,positive,positive
"ohh, im watching my best friends wedding its so sad",negative,negative
i seriously need to live somewhere fabulously queer i miss being around people,negative,negative
"im just a couple bus stops away from an lc, but i didnt realize that until about a month or so ago",neutral,neutral
"went on a long 10 mile bike ride today, then it started raining",neutral,neutral
"i hate working, especially when the weather is good",negative,negative
going to the doctors,neutral,neutral
recovering from a lovely but slightly stressful weekend in france,neutral,positive
i saw the game not a huge cavs fan lol they pay refs but yaos out 4 the rest of playoffs so la is cruising to the wcf,neutral,positive
im so sleepy my head hurts gnite lovers see ya in that am,neutral,negative
it is ive done somethign like 200 updates today s,neutral,neutral
were not gonna be able to talk again,negative,neutral
"woot please post a pic, i wont recognize you without it",neutral,neutral
im already thinking about all the shows im going to have to miss because im broke,negative,negative
inspite of the spams i cant stop losing this twittergadget i love twitting from gmail,positive,neutral
going to the memorial for the guy in my grade that died,neutral,negative
"happy mothers day same day, more chocolate",positive,positive
bought awesome shooeessss,positive,positive
dionusia made me do it,neutral,neutral
youre rightim 29 and ive heard the song a time or two,positive,neutral
"decent australian guys are hard to findtrust me, youre better off with an american one",neutral,positive
finishing washing dishes,neutral,neutral
"patience, its worth it",positive,positive
i feel lost i keep running in my head from staring faces haha basicallyheadache eyes hurt,negative,negative
hate this cold i cant stop sneezing and claratyne only works for an hr or 2,negative,negative
"_1210 holy , i need to see that too bad i gotta wait until tomorrow",neutral,negative
sorry to hear that,negative,negative
gonna go make my memes mothers day card then go hop in the shower and hop to sleep,neutral,positive
eyes wide shut is one of the weirder movies ive seen any1 wanna sell me their45 just so i can sleep in my apt by myself,neutral,neutral
"14 pages left to read, then it will be time to start all over again, and again off to lunch dutylove 6th graders",positive,neutral
ah my tummy hurts starbucks sugarchocolatecaffeine,negative,negative
prettty goooooooood going to daaaaaancing in a mo and havnt studied much for maths,neutral,neutral
scene at 4am is always the,negative,negative
"stressed as hell , but still surviving",positive,negative
looks like its going to be a upset for venus,negative,negative
actually maybe not its sold out for sat lunch,neutral,neutral
thanks for teaching me how to play a part of that song,positive,positive
my my i have never watched so many movies in one night with my mommy,neutral,negative
not gonna ask what a boom boom is morning,neutral,neutral
writing report cards soooo tired but what an amazing day check it out on fb soon,positive,positive
tried on all the shoes in new look,neutral,neutral
why is scared or lmao someone pls tell me,negative,negative
"oh, thats bad i made that mistake once before but still managed to pass though so maybe it isnt as bad as he thinks",negative,negative
heheheheh lol i always figured hed send them your way if he got any dupes i felt bad not sending him stuff,negative,neutral
six feet under theme is on jjj,neutral,neutral
heyyy whered my tweet go shouts to bc her lists are always amazing,positive,positive
_in_love aww me too we miss you,positive,negative
may the 4th be with you happy star wars day,positive,positive
_ann_cole i thinks thats right lol please follow me much appreciated,positive,positive
_30439 i really wish i could go,positive,positive
in this exact moment i have decided that in some point in my life i am going to adopt a child,positive,positive
ah i almost missed snl thanks twitterfriends,neutral,positive
less than 99 days til warped tour,neutral,neutral
just got home from a partyyyy had a good time cant wait for my birthday in 7 days,positive,positive
happy mothers day to all,positive,positive
there is poor lost duck outside of olive garden that makes me sad,negative,negative
"i think it was more the tigers crumbling so not surprising at all, really lol",neutral,neutral
"_control aw babyy im sorry i gots too excited, haha 333",neutral,positive
barbs trying to figure out y the dsl aint connecting i need my google going home to my computer if it dont start working soon smh,neutral,neutral
yes one final party better make it a good one how much mpre stuff you got to go,positive,positive
surfing the web,neutral,neutral
whoever u are and wherever u go always remember where u come from,neutral,neutral
its so not like me im in the middle of coordinating a 3point move stuff from il old nyc apt all stuff new apt,neutral,negative
love to but already got plan going to queen mary,positive,neutral
watching that thing you do on comcast missing my boo like crrrrrazy,negative,negative
i need a job to keep me above watersthought i had one but apparently its casual so now on the search again,neutral,neutral
good morning good old germany i wanna say hello to new york im not in love not really,neutral,positive
"yep, exactly and im really sad about this touri know im gonna cry at my last mg",negative,negative
heading to the u of utah hospital have a great day everyone,positive,positive
gonna run to the gym to get my workout in before my really fkin big pile of mulch arrives at around 8 or 9am im excited about my mulch,positive,positive
naw idk what ur talkin about,neutral,neutral
its fridayand the sun is outbut im working inside,neutral,neutral
collabro wjphlip called california was another hot one,neutral,negative
haha drunk golf sounds awesome i predict a great score for today,positive,positive
achieving a new appreciation on how a xml build script can really be painful and cumbersome,neutral,negative
one lactose pill is not enough for coffeeoopse,neutral,neutral
checked if theres a new comment on friendster,neutral,neutral
is in the middle of the irish sea with absent elk brothers newcastle here we come we love newcastle,positive,positive
busy exam week coming up always look on the bright side of life whistle,positive,neutral
sum1 plz cheer me up,neutral,neutral
i like only the james bond series thats what a spy movie is,positive,positive
happy mothers day ekin sayang mak,positive,positive
aww im sorry honey that stinks,negative,negative
yay the playdate is back on but my vans transmission is dead,neutral,positive
"the day i was planing on doing my work, i havent i leave everything to the last minuet",neutral,neutral
got it welchs grape too please,neutral,neutral
"i actually really liked merlin last night some parts were a bit eh, but the part where that chick was singing was like whoa",positive,neutral
i wish i had a 12hr nap lets talk rachel into getting one of these now lol,neutral,neutral
"i kind of figured hed probably be unable to reason out why a lot of the things in manga happen, or the way they happen",negative,neutral
"ammoxxx great day woman, did you notice the smile that never disappeared off my face ha, murray all cos of you, i owe you",positive,positive
thats dope stay out of trouble,neutral,negative
"apparently tv could not be fixed on the plus side, we are being refunded the cost of it and can buy a new one",neutral,neutral
"sandwichesss, then work",neutral,neutral
were you roaming same thing happen to me so i switched to att,neutral,neutral
woah i love the new twitter app so many new things to do just got finished watching jon4lakers video on this and it was good,positive,positive
_2008 thanks theres a mens version in june its very popular,neutral,positive
stupid alarm lol morning twiits,negative,negative
im eating a salad and rember to comment my new myspace pictures plz,neutral,neutral
"wish could, but riding a tour from chicago back to iowa",neutral,neutral
_butler i thinkhope they might put an age limit on next year on the back of that,positive,neutral
it hurts me that my sister has so much potential and she isnt using any of it what a waste of godgiven talent,neutral,negative
hah sparkly ones at that,neutral,negative
eminem 3am freaking awsome im going back too seams like something big is inside me and nois not a alien,positive,positive
how long did it take you to learn the song,neutral,neutral
nov 5th,neutral,neutral
"downloading tf2, a mere 63g 3 nearly instantly now down to about 500kb",neutral,neutral
hello gorgeous girl nice new pic how are you today,positive,positive
really ur getting rid of it thats sad,negative,negative
cant get the sound to work while on dvd i was going to watch mary poppins,neutral,neutral
"a herewaz uuuup seriously, glad yall had fun too bad my invite got lost in the mail lol peace xo",neutral,positive
never answer me back,negative,neutral
"yeah it made a great noise, and tripped the house circuit breaker good times 200 worth of parts too",negative,positive
miss you my dear,negative,negative
showed my fluid decreasing slightly so doesnt look like im getting out of this bed anytime soon ive got a follow up us next week,neutral,negative
starts tomorrow and i start to study again,neutral,neutral
"had a great weekend with one, hanging with nick brendon, church this morning cant believe loretta won the mothers day raffle again",positive,positive
im being so whiny right now im annoying myself i need to get some rest tonight after movie night kidsitting,negative,negative
a snaaaap jimmaaayy you are the man with hookups too bad im so far away,negative,negative
thanks to my assignment im off to work today,positive,positive
wal mart,neutral,neutral
wishing i was karen from willgrace,neutral,positive
morning im up and ready weeee its a sunday,neutral,neutral
"good mornin today will end early, woo gonna work on ricks surprise project due on tuesday",positive,positive
enjoy we know you will,positive,positive
has lost his vocie and adele is laughing at me lol and still wondering why im in college on me week off,neutral,neutral
but i have cause i missed a lot of classes,negative,negative
tired i may have to go to bed trouble is i miss all my american evening friends x,negative,negative
my tweet is on cheaptweet you wanna vote for me,neutral,neutral
me too haha i did but have no credit,neutral,neutral
gonna go watch jacksons band play and then going to the band after party,neutral,neutral
why do i even bother anymore everyone is makin me feel like im a waste of space,negative,negative
missing my mother t11 days happy mothers day,positive,positive
"def cheese and onion however after being back in the states for 4 months, finding a bag of saltvinegarthey tasted great",positive,positive
and that prob wont happen,neutral,neutral
just ripping here that ad buy i was going to speak wyou about looks to be on hold for a bit company changed hands,neutral,neutral
i know but the weathers clearing and suppose to be nice sat and sun,positive,positive
"still hospital, unexpected complications",neutral,positive
oh snap kinda nuts right now ive told at least 27 thanks babes,positive,positive
to save my heart i think imma let go i can see myself getting hurt with you,negative,negative
lol about to leave,neutral,neutral
"im going to go to bed again, ear both infection, i am completely dizzy, yyyyuck my stomach is hurting too peaceout loves",negative,negative
um mr deadly sir can you please follow me on twitter,neutral,neutral
doctor then work hope you have fun at the conditions show without me,positive,positive
is busy creating a new logo for my site,neutral,neutral
wellgotta grab at least an hour and a half sleep before the girls get up for schoolgawd the life of multitaskin nightmornin,negative,neutral
bored,neutral,negative
i thght i voted bt i dnt think it workd whats the link 2 vote for u nobody deserves it more than u do ur so talented i3u,positive,positive
im watching tv at home wishing i could get a chicken shish delivered but not go enough pennies,neutral,positive
im so mad i wont be there ughhh,negative,negative
"why, hello there hows life on the other side of the screen",neutral,neutral
that breaks my heart,negative,neutral
aww you are too kind hi sweetie are you guys out partying without me im the only person who came to work 2nite lol,positive,positive
"pretty amazing weekend so far but its bedtime ,, im exhausted mothers day tomorrow nighty night",neutral,positive
im here jdubb is his funky jobi guess were neglected,negative,neutral
why did reel big fish cover ednas goldfish,neutral,neutral
well we arent normal then because 1 we cant drive in mexico you have to be 18 and 2 there are no dairy queens here,negative,neutral
gotta work lonely weekend ahead,negative,negative
taking a break from sewing to do some dishes,neutral,neutral
ummnope not anymoree,neutral,neutral
delayscancellations really bite have had my fair share and can sympathize hang tough,neutral,negative
i miss my daddy so much,negative,negative
cheeks bakery just closed crazy how williamsburg can support an infinite of boutiques wbad clothes and not one decent place 4 a scone,negative,neutral
off to class,neutral,neutral
omg please jonas brothers add an extra date in dublin in november i tried 2 get tickets but dey were sold out,neutral,neutral
drews new songs make me cry i miss thomas already,negative,neutral
"goood dayy beeen shopping, didnt get what i wanted though but my best friend has comeeee homeeee xd ily shannii x",positive,positive
dude fail i know exactly where this place is too,negative,negative
came tantalizingly close to acing a facebook communism quiz one question has i hope britain will be next communist as correct answer,positive,neutral
patrick should come here and say hi,negative,neutral
yeayyy good for you,positive,positive
ahahaha okay deal now i only have to snuff hermione out,neutral,neutral
"its just a shame what wisdom comes with age, but age destroys youth",negative,neutral
yup i stayed until the very very end exciting,positive,positive
its nice to have no assignments for the night,positive,positive
"it could be a bad idea, hayley",negative,negative
"im sosososo sad, i should be seeing cory lamb in a few hours i love that kid",neutral,negative
"alrightim going to get off comp now, go back to ur party be safe have fun",positive,positive
why did sound input for my computer stop working its not the mic or jack usb webcam mic doesnt work either checked input controls,negative,neutral
is it possible to a have phobia of phobias afraid to look at list,negative,negative
somehow my alarm became an hour fast and i came to realize it as i was leaving the house it feels good having an early start,positive,positive
great podcast i wish you guys had more chi shows this summer the only times i will see you will be at alpine,positive,positive
why im not sleeping,negative,neutral
"_j 4ever, it was in shes the man aswell i love them now i want gossip girl too have decided summer spending lots",positive,positive
as any1 been up all night like me and now the birds are keeping you awake,neutral,neutral
haha i love surprises i dont work til sunday tho so i have to wait,positive,positive
love the song together thats his song for mewell i think its still is,positive,positive
"s plans didnt go as followed, but its ok",neutral,neutral
i agree its just an excuse for me to tweet music for hours on end,negative,positive
", i never knew i could miss my phone so much for 4 hours till they told me i wont have it back till then",negative,neutral
"im going in now, it looks like the sun has gone",neutral,neutral
is off to somewhere,neutral,neutral
happy birthday chips sister,positive,positive
"yeah, still waitin",neutral,neutral
gained 3lbs wish i could afford something other than top ramen if only i had a job,negative,negative
"oh no matey, did you get ill it would be a bit mean of suzi to be calling you chicken scabs if youre not",negative,neutral
bahhhh cold weather is making my teeth hurt,negative,negative
having a boohoo day things just suck today,negative,negative
like the name what kind did you get,neutral,neutral
"aww i know, we used to chat but you became too cool for me",neutral,positive
"a ray youre the best it means a lot to me that you say that i cant wait to hang with you again, hopefully soon",positive,positive
so jealous right nowhate new england weather,negative,neutral
"hillsong tom night, and dads birthday i wish i could see him on his bday though",positive,positive
"twenty20 cricket, beer and sunshine very good well apart from the beer cause im on tablets",positive,neutral
"i agree, keep it in star trek but make it commercially viable cmon",positive,neutral
_m aww why psn,neutral,neutral
"ya, it was pretty bad not sure when i will get to go visit we have been super busy lately",negative,positive
angus down 31 in first set,neutral,neutral
shower time,neutral,neutral
totally just skid all over the road,neutral,neutral
"in worst case cenario, ill show up on offf with a white mask, and scare everyone even better everyone should wear a mask besides me",negative,negative
"lol i liked the log ride reference, but all i think about when i think of that ride is how wet you get",positive,neutral
"i am so grateful i am your daughter happy mothers day, okasan thank you for everything always",positive,positive
aight im out off to see spring awakening home we make it home in time to see jays last show,neutral,neutral
thats beautiful,positive,positive
i work in one hour,neutral,neutral
i met one of the nerdiest servers at chilis today lol he was awesome and i was his favorite,positive,positive
its soupysoup time today heinz cream of chicken and mushroom yum bbl,neutral,positive
i dont think i am going to get to see any of the sun today gutted i need colour,negative,negative
"ok, back to packing have been sitting in car charging phone as charger was left home as well",neutral,neutral
super stressful day cant sleepglad i found you your so sweet to take the time to make strangers feel good,neutral,negative
gaah rain for tomorrow,negative,neutral
"double rainbow above the organs pretty, but doesnt take the edge off my 460 grocery tab",positive,neutral
wants to go swimming,neutral,neutral
scrubs tonight 800pm woo,positive,neutral
yes yes she is indeed nuts like me though i am not rich tut x,negative,neutral
you have to come to chile with acdc would be fine,neutral,positive
i feel like watching a disney movietoo bad we dont have a vcr anymore,negative,negative
oh well its great to see the canadian math trades getting bigger though,positive,positive
but he has an out of date script thats really bad so midway thru his pitch we catch it he gets all butthurt and storms out his loss,negative,negative
just came back from karaoke eating dinner with emily it was sooooo much fun,positive,positive
i likee you a lott lott think you really hot hot 8 good night,positive,positive
"is on allegra, flonase and a steroid inhaler for the rest of the allergy season throat still hurts from the asthma",negative,negative
has a really really itchy eye,negative,neutral
does anyone know how to scale a pic down im trying to change my pic but all my pics r 2 big n i keep cropping themhelp,negative,neutral
just remembered i still have a summer project to do it never ends,negative,neutral
"im free at last, tomorrow i get to remember what sundays look like",positive,neutral
feeling the effects of the party last night drank far too much 2 chicken burgers and one lamb burger i did dance a fair bit tho,neutral,neutral
are you tweeting while running,neutral,neutral
"hi nic, i was so excited to heard that pcd will perform in jakarta i hope u will visit my town, bali as well love ya",positive,positive
the muse has me gripped firmly by the throat really enjoying my writing,positive,positive
a i never noticed this,neutral,neutral
i wish i was in dallas with the kiddnation family,neutral,positive
good morning looking forward to listening to the prodigy on radio 1 big weekend brought their album yesterday p amaize tbqh x,positive,positive
is saving up till hk,neutral,neutral
the closest is a good two hours,neutral,positive
"is chillin with my hangover, hollyoaks and a plate of chipssunday mornings",positive,positive
looking forward to a session at the gym,neutral,positive
it was way worse than that and where were you why didnt you say hello,negative,neutral
"omg hahaha i thought you were joking about twittering that, hahaha awesome, good times were had by all",positive,positive
thanks,positive,positive
instant internet marketing empire bonus recoup your investment in 24 hours or less,neutral,neutral
"at work leave for berlin at 1700 by car, will be a late arrival",neutral,negative
im in so deep its disgusting i would even take a little help but alas i sense it will never happen,negative,neutral
im nervous i hope i get in this could be a costly mistake more like procrastination and assumption,negative,negative
bummed that f f f broke up,negative,negative
thats if u go on a weekend,neutral,neutral
uqh soo boredd supposedd to be asleep cuzz i have too wakke upp earlyy but i juss cantt sleepp omq tomorroww iss mothers dayy,negative,negative
"lol what bothers me is that im messing with my metabolism drinking lots of water pretending its different food, mmmm grapes",negative,neutral
it is gloomy outside it is making me sad i miss the sun and its happiness,negative,negative
and you okaaaay,neutral,neutral
"finally gone to the beach, yeaaaah",positive,neutral
making banana bread,neutral,neutral
trying to find a foreign place in a foreign town i have being lost,negative,negative
off to bed i gohave a great moms day all you moms,positive,positive
pffffffffff its not a 100 triumph cuz u gone napping lmao,negative,neutral
having fun with all my dolls tequilllacarne asadaand my mom dancing funny,positive,positive
why would you want a clone unboxed a new 24 imac last night and its beautiful too bad its not mine,neutral,neutral
"prayin for dad in wellington, fl via i too live in welly may i pray f",positive,positive
thats true i never believe my staff when they call in sick on mondays or fridays lol,neutral,neutral
i 3 owl city,neutral,neutral
i must admit when i first saw that name posted i thought it was an exploit attempt,negative,neutral
yay sherbert and chocolate very nutritious,positive,positive
metro from trader joe to 71st closed so many firemen and cops wth happened walking home bus cant go further ohh,neutral,neutral
im sowwie i was a lil late lol it looked good though,neutral,positive
my little booboo is sick,negative,negative
at work supposed to be a day off but too much work to get done for plm world sigh,negative,neutral
spendin time with ant before hes gone for the night,neutral,neutral
someone broke into my car big time having a really bad day,negative,negative
"i can understand, pains been part of my life for a long time now i hope you feel a bit better soon",neutral,neutral
as long as you have someone to make out with lol,neutral,neutral
going to take it quite easy today actually yesterday was great but it took a lot of energy out of me going out for some pirating later,neutral,positive
whatever pung haha i dont care jk,neutral,positive
watching hairspray,neutral,neutral
youre welcome how much longer until its colored in,neutral,positive
_ yeah sorry i was busy last night ill try and go next week,negative,neutral
but it all went too quick and there wasnt a chance lol,negative,neutral
rain,neutral,neutral
damm servers still down i need to hit 80 before all the koxpers pass me,negative,negative
"sounds lovely, hope you have a great day",positive,positive
just reached for her plate to get another bit of toast and realised id eaten it all not a nice feeling,negative,neutral
"sorry for the triple twitter post, was having trouble wstocktwits account i try not to clutter up the twittersphere",negative,negative
tracky daks are one of the only good things about the weather getting colder that and porridge i just did both,positive,positive
"been working all day, finally relaxing i miss you",neutral,negative
back in athens had great time in budapest,positive,positive
going to bed i love the jonas brothers the last time me and megan were together was the weekend of the premiere of jonas lauryn 33,positive,positive
"thats sad, then i havent heard the new one yet sounds like ive been spared a tragedy",negative,negative
"they actually use standard speaker wire between them too, with standard terminals, so no soldering involved or anything",positive,neutral
i agree with you,positive,neutral
nice sunny day,positive,positive
im saaaaaaaaaaaaaad i need someone to talk to,negative,neutral
in faa thaa night movie night,neutral,neutral
"was a little slow to try this one, but ben jerrys mission to marzipan is a bit of a letdown",negative,positive
"i hate having to put my toddler in a disposable, but her rash needs ointment i hate her having a rash even worse",negative,negative
ok so ive now got a bit of a bad back after lifting all drum hardware into my car downer,negative,neutral
responding to more questions at thou shall blog i appreciate this community,positive,positive
if everyone constantly retweeted that it would make it,neutral,neutral
i have a great house to sell you comes complete with a riding mower,positive,positive
"i think if i was kirk, i would have probably stolen that sweet ride from you too fancy in car phone ya talk through gg",neutral,positive
i cant afford it go to school here,negative,negative
"classics are timelessdont believe me, check youtube, google, etc numbers dont lie i actually performed it last night,",neutral,neutral
theres loads of highly qualified stuff and loads still using snail mail,negative,neutral
"got the best mothers day present from tys it made me cry uncontrollably, and it wasnt a present",positive,positive
just found out that one of my coworkers in st paul who i actually know and talk to got laid off this blows,negative,neutral
me and wendy are going after all wish you were,negative,positive
"new job today, wish me luck peeps",positive,positive
i dont think so what time are we leacing,neutral,negative
startin to get a head ache uuuggghh,negative,negative
"thanks for that twitpic, sure made me laugh",positive,positive
"i dont know, ask carolyn also, we wont have the boxes empty by the time you get off",neutral,neutral
it would be cool if they had people make videos of themselves miming the song and make one big video so everyone can be in it,positive,neutral
so sorry about all that praying for you,negative,negative
hes a good lad is wore phil known each other for 22 years now seems like 5 minutes haha you ok hayley,positive,positive
alcohol makes me tired and i miss and want him so much it hurts,negative,negative
hoping i didnt fail english that would just be sad,positive,negative
"hahaha im driving, so i leave roundabouts when i wake up tomorrow arrive proximately 5 hrs from then see ya tmw",neutral,neutral
"thanks alot, stuck at work with it too",positive,negative
"im fine, ive just been trying to figure out the meaning behind this song, and i cant think of anything urlmincnmt",positive,neutral
blocked the acct for one of my most hated sports teams that felt really good,positive,positive
i hate it so much,negative,negative
my roommate _tickle loves to ignore me,neutral,positive
"stapler haiku whar a night woo hoo yeah a beautiful night to party oops, im a stapler",neutral,positive
having a wonderful piece of cake for lunch what else could i want,positive,positive
morning there,neutral,neutral
the nocturnal serendipity kashmir is an important means to that end,positive,positive
lala little girl i love these new songs iï½ve answered u love to all you freaky twitter guys d,positive,positive
thanks bro but im awake already how are you,positive,positive
ur welcome,positive,positive
in my nice big bedipod on playsoft music flowinsooooon will be in fancys dream land,positive,positive
could you post a link to the internet version of the times so that i can read it pllleeeaaassseeeeee,neutral,neutral
"its funny, i didnt even know it was there",positive,neutral
yeah it was great to be outside without rainsnow cold air love the sunny days,positive,positive
back from hospital doc says ill live,positive,neutral
brand new is playing at the epicenter in july when im in ny jesse lacey why do you hate me,negative,negative
it is sad i feel bad when i hear it they look like mid 30s its like something u wld see on lifetime,negative,negative
"landon now announces, big poopy coming every time im just waiting for him to yell that in a store for the first time",neutral,neutral
walk was grand peeps lol feet are really hurting now thought,negative,negative
heading out to the park with the kids hope it does not rain looking cloudy,positive,neutral
cant believe the weekend is over already where does the time go had a nice day with the fam today mum had a good day too,positive,positive
leave for calcuttadelhilucknow tomorrow10 days of absence,neutral,neutral
"possibly nyquil will get me through tonight though doctors monday i hope for the swine, just so i can be on google mapsjk",positive,positive
"im off 2 dream awhile thanks 4 everything tweeple many blessings much joy peace, love happiness 2 u all hope ur dreams come tru",positive,positive
"aw, well im glad to hear youre okay try a hot bath or a cup of tea maybe to calm you down i worry about you",neutral,positive
then back to school,negative,neutral
"hey chiclit whats happening just trying to promote my business, its really hard",negative,negative
is asking that everyone please join me in praying for my mom she just got home from the er and has to go see a heart doctor,neutral,neutral
"sounds like the very best sort of work then jenni seems lovely,so nice to hear that she is when meeting in the flesh too",positive,positive
mothers day wishes from google pretty beautiful flowers on google logo,positive,positive
"in case you missed it on my fb status looking for maui hotel recommendations yes, maui",negative,neutral
youre not supposed to,neutral,neutral
on my way home from nythen sleeping,neutral,neutral
doing my english essay on rjwtf that i should have done a long time ago when it was assigned last thursday,negative,neutral
well get hitched when you get here,neutral,neutral
"going to work at one sucks, i miss happy hour at sonic",negative,negative
went and saw fighting last night with the best friend it wasnt all that great but channing tatum is amazing,neutral,positive
gotta play off the wall first tho,neutral,neutral
"playing with zeke, hes leaving today",neutral,neutral
its castiel the angle,positive,neutral
"yep infact she is popular, miss india 99, talented film actress and lot more",positive,positive
its sad that the rats are becoming aggressive against the guinea pigs i have to seperate them,negative,negative
nice idea for a mil gift did you crochet it good idea about looking online there are youtube videos showing lefty crochet,positive,positive
i bit my tongue sooo badits swollen,negative,negative
running errands with geeta feeling like i have the plague,negative,negative
starbucks with mother,neutral,neutral
hes in bed sick heavy fever went to drs part of the reason im watching aladdin 2 now and still havent been fed,negative,negative
currently working on the sdps prototype so much to do,neutral,neutral
time to learn another language,neutral,neutral
hope you feel better soon,positive,neutral
"just got in a nasty argument with someone i normally like very much she doesnt forgive well, either",neutral,negative
"isss boredddd, gotta be up in the morningg",neutral,neutral
my stay was great but my mother gave me the coldflu before i left and i still have a cough,neutral,positive
_hansen darn i just realised pull the other one would have been a far better response to your name suggestion,positive,neutral
"when life, as you know it, doesnt exist anymore",negative,negative
"ahhhhsame here with geometry, like i said b4, if i didnt have it, i would be graduated so i feel ur pain hun",negative,negative
_style i like it,positive,positive
mhmm idk i thought of just showing up and freaking ppl out hehebut yeah i totally understand if it is just for u guys vn sounds cool,positive,negative
"love that she couldnt just stop with one picture first one is priceless, but the speedo is great, too kudos to mom",positive,positive
or even listen to susans green policies,neutral,neutral
way to many people were crying at the school picnic and now i have to decide if i want to go back or go to public im confused and sad,negative,negative
"i was glorious at 650 when i went outside, so why has it gone cold and cloudy now",positive,neutral
i wasnt bored really my redd converse i love converse,positive,neutral
shes not coming to detroit only grand rapids in october,neutral,neutral
hey phillll wazzuppppp,neutral,neutral
also your caramels are like crack just thought you should know,neutral,negative
kicking back in the holidays no more school for a whiles,neutral,neutral
roommate is sssnoring and my throat is so dry,negative,neutral
never expected to hear beastie boys in a star trek movie was a super great flick though pew peww phasers,positive,positive
thank you xo,positive,positive
just finished my english finaljust one step closer to the end,neutral,neutral
waaah i cant open my eyes wider i wanna go back to sleep but i cant sleep properly,negative,negative
_76 haha weird no sunshine for us,neutral,negative
grecia its between mood party i wanna see him lol but we are going out fershure,neutral,neutral
im so down the ac in my house just broke,negative,negative
sunny day going down to stonehenge with my parents,neutral,neutral
cant believe im leaving this place tomorrow,neutral,neutral
enjoying gears of war on my pc this game is really gooooood,positive,neutral
ive very picky about what i put in my mouth i hate onions they make me cry,negative,negative
knock you down is playing nowagain cna my day get any better i love it how r u missed u,neutral,positive
"ok, i am finally starting to hit a draw, but now my short game has gone to",negative,neutral
haha better drunken tweeting you mean,positive,positive
sorry the response to my assistant job has already been filled please check back soon im sure she will not last long,negative,neutral
anytime i aim to please,positive,neutral
"i got a haircut, i felt like that guy on the last samuri who was forced to have his ponytail cut off",negative,negative
is a lumberjack,neutral,neutral
"oh no you poor thing you must have booked the tickets before you realised it was pat kennys last night, gutted for you",negative,negative
thanx mang shes due in june 12th and yezzzir the first baby drummer boi,positive,positive
doin the thing here at the cribbout to watch star trek yup,neutral,neutral
forgot the pin of my debit card thank god the card still works after several attempts just bought cake for sisters birthday wheew,positive,positive
guess im on twitter now,neutral,neutral
dosent want to go to work tomorrow,negative,neutral
are you having a bad day,neutral,negative
girl talk is awesome,positive,positive
"off to bed with fingers and toes and everything crossed u pick melol hope ur well and got back safe,poor jon",neutral,positive
on my way to the airport headed to nyc,neutral,neutral
sowwy lover you,positive,neutral
yeah they are so stop making fun of me i gotta get new ones,negative,neutral
dude wtf i text you this morning so that you can take care of me so uncool its confirmed you hate me,negative,negative
wahamerican chocolate cheese cake for my chweet mummy muaxxx,positive,neutral
", just read an article that buying ips doesnt necessary mean to get developement teams does that mean",neutral,negative
"uggh everything, im sending you i keep sending it to my twitter so i have to forward it to you i suck at life",negative,negative
"ouch i used to hate it when i did that and then there are the irate callers who were trying to record, getting ped, etc",negative,negative
sooo long twitters im off to cuba,neutral,neutral
concert next week cancelled alternative date not known yet dave gahan had a tumor,negative,neutral
such a dissapointment hhaha,negative,neutral
needs a job,neutral,neutral
i just found out 5 minutes ago mama said his speech is still slurred but he seems to be doing ok,neutral,neutral
pretty fun way to write a resignation,positive,positive
such a nice day and im gonna be stuck inside all night,positive,positive
i fear the spaceship is not long for this earth it just stranded me and edwin on the highway there was smoke,negative,neutral
chilling with colton who just redesigned the cocktail hacker card backs for me,positive,positive
sometimes all it takes to solve our problems is a fresh morning hope today is beautiful for you,positive,positive
"yup, im pretty sure summer could not have started off any better than the one this year",positive,neutral
"watching 1971 edition if old grey whistle test fanny, mamas and the papas isaac hayes dont make shows like this anymore",negative,neutral
howz it going hun,neutral,neutral
hahai wont well il try notlol night chickxxxxx,positive,neutral
not a good start to the day left my money at home so ill hot a day me looking for free carparks,negative,positive
maybe ill go one day and thanks im all swined out,positive,positive
wrong button my music biz building that is,neutral,neutral
i have perused the website and it is good too bad i must return to work,neutral,negative
good morning,positive,positive
i feel sorry for your nails lol i feel fine thank you,neutral,positive
on duty in the students union with only 3 punters there are more of us here than members of the public,neutral,neutral
miley stevens waterhouse is at jhys house,neutral,neutral
its too hot i dont like it,negative,negative
omg i love my parents i juss got a lavender camera as an early birthday present,positive,positive
just had a falling out with nick,negative,neutral
too warm,neutral,neutral
i realised when i got home that i left mine in your fridge youre welcome to have it if you like,positive,neutral
but did i mention spending time with two bffs totally worth it,positive,neutral
we were bored,negative,negative
i found out thro mama,neutral,neutral
i feel really bad for female racoons with abusive racoon husbands when you always have black eyes no one can help,negative,negative
"getting ready to head out to camp allen unless somethings changed, that means no phone service for about 24 hours",neutral,neutral
on a day like this,neutral,positive
the sun is shinning im off out,neutral,neutral
we are looking forward to daddy returning from work on saturday hes been gone a whole month,positive,positive
really worth watching at the cinema mum really enjoyed it,positive,positive
what are u doing now,neutral,neutral
good luck 2 u and the babies,positive,positive
i was thinking the swine markets are in decline but since we cant say that anymore,negative,negative
because you saved the frog i thought i replied to that so it would make sense so how does twitter work gehts abi gut,neutral,neutral
would appear not note to selfchange perfume what to do nowhmm do i get the tarot cards out or not,neutral,neutral
"its because i put radio 4 on by mistakeill have a cup of tea and a shower, then im sure all will fine and dandy, thanks",positive,positive
"just booked my tickets for london on thursday, im so exicted",positive,neutral
im good thx and how are u what are u doing,positive,positive
oh nou dont have to hit him up he had a family emergency so there was a lil delay just cant wait to see them,neutral,negative
"i am tired tired tired, i think im getting sick",negative,negative
"no problem unfortunately, i think it was just something i had to sort out on my own",neutral,negative
_ leiiin i can play the introoo,neutral,neutral
well then close your pretty eyes and count boring sheep youll be sleeping in no time,neutral,negative
hook up with rian van staden on twitter he is a much better cook and may have some more concrete suggestions,positive,positive
"colleague that helped by creating his units site in iweb was not helpful trash code, 24 css files for a 4 page site, no optimizing",negative,neutral
"gotta get used to pocketwit now, you twikini",neutral,neutral
thanks i am doing good did you read any of my blog posts,positive,positive
pacquiao fight was fun at home wif fam and melissa sat today was a mission to ikea srsly 4 different freeways to ge to burbank,positive,positive
"you are such a positive thinker, i am for sure keeping you around",positive,neutral
cannot wait to get all dolled up and go out tonight,positive,positive
i dont like fishfingers i dont like fish or seafood really but enjoy it,neutral,negative
so tired work today,negative,negative
work this week some new instrumentals stay updated,neutral,neutral
"i empathise luvvie, i dont personally understand a grown mans need to dress in tartan in search for a little white ball",neutral,positive
"house starts on sunday and im sad as i cant afford sky,",negative,negative
wonders if im d only 1 dat n church sumtime nt knowng certain sungs seems like erbdy knows it but u quickly feel bad cnt sing along,negative,negative
at envy loving it best club ever,positive,positive
ugh 3 more hours,neutral,negative
smile everything worked out,positive,neutral
yay you finally get to have a trip away from home again how exciting you 2 going to shop a bit,positive,positive
ive worked my finger tips bare today coding but we got there,neutral,neutral
you too hope your day was good,positive,positive
"the wedding is over everyone has gone home, newlyweds are off to canada and finally, there is quiet and im late for work",neutral,neutral
"thanks, u 2 idk if im going or not i dont feel like getting all dress up and doing my hair lol",neutral,negative
does this mean youre leaving me,neutral,neutral
ibood down,neutral,neutral
"thanks for wishing me luck a couple of weeks ago on getting into a higher choir, but i didnt make it",neutral,positive
thanks for the tip on otherinbox it wont work with outlook for me,positive,neutral
white house this things a lifesaver,positive,neutral
thanks for the,positive,positive
just got back from greenlake it was such a nice day today,positive,positive
just been asked to sing yet againaha coffee mornin this time psychology past questionsrevision suck,negative,neutral
it can only get better,positive,positive
my monday starts on friday but least i only work 4 days a week long days,neutral,neutral
1206am and my him is officially the 1st one to say happy mothers day to me i love it,positive,positive
chris baby was born today,neutral,negative
i know im changin it again,neutral,neutral
day 8 of the 30 day shred and day 5 of special k challenge i feel fantastic,positive,positive
work is an evil that doesnt let me check my text messages,negative,neutral
"hey jkwish evenlyn a happy mothers day tomora for mei had a great day, my gift will be tickets to see yas ere in oz",positive,positive
"yeah, yeah less than current occupants of us house of reprehensibles you can bet on that like minethatbird",neutral,neutral
"yes, you should write an article",neutral,neutral
goooooddd morning tweets week three of my workout did i mention i got my new glasses yesterday,positive,neutral
caps lost argh but hp game evening was much fun,neutral,negative
no html converter on there think were going with cause it took 5 min to get working,neutral,neutral
mtv movie awards go vote stat,neutral,neutral
_gd whoaa kinda hard o that one that you think will be interesting enough to tell,neutral,positive
watching freo on a sunday arvo is a good hobby,positive,positive
internet on trains is 100 awful,negative,negative
so ur moomie liked the pandora you can buy me one next lol,positive,neutral
hey dave im just up in the uk and first thing i done was put rr on could u play ill be there new kids on the block thanks,neutral,neutral
bar exam madness topic for today is torts,neutral,neutral
i have to go to work with out my and,neutral,neutral
is it possible to pass out he your laying down bed soon if i can sleep 3,neutral,negative
i wanna get an ff tweet too,neutral,neutral
hi im ok still not feeling great,negative,positive
come on vancouver throwing stuff onto the ice i thought you canucks were supposed to be all polite and stuff,negative,neutral
it will warm up once you start digging,neutral,neutral
mamma who bore me hat es mir echt angetan 90210 lï½sst grï½ï½en,neutral,neutral
"i asked mum bout going out tommorow, she laughed in my face lmao",negative,neutral
didnt make to my cousins yacht convention hope he doesnt get upset and hope he won,positive,positive
"with that said, im out til later enjoy your day everyone",positive,positive
"hi tweete, surprised to see everyone still upmaybe its the full moon",positive,neutral
"factory ng elmers hihihi sorry, corny baka si ate ruby, alam",negative,negative
at minibar listening to politics maybe some tech starups soon,neutral,neutral
its cause you give me a reason to assume,neutral,neutral
thanks for the tip its our company laptops so was aiming for another solution actually,positive,positive
"a slightly less disturbed night, after a while, which is a good thing looking forward to some quality time with my toadtastic boy",neutral,positive
omg booths hallucination in the latest epi of bones is absolutely brilliant youre a gud lookin guy if u keep an open mind lol,positive,positive
forgot the montel quote and it was a good one,neutral,positive
"what on earth happened to wentworths page im devastated, as im sure all of his fans are",negative,neutral
such a long day so much fun though tomorrow will be just as much,positive,positive
ughh feel rubbish,negative,negative
targeted browser for what i just read that windows mobile uses the ie6 core as its default,neutral,neutral
awwyoure such a softyi can only imagine you a mess of tears at your own weddingyou wont even be able to talk,neutral,neutral
caught in a herd of somalions,neutral,neutral
u no that little prob with ur twitter that happen that old pep resteraunt mayb this will help u fix it,positive,neutral
pouring outside cleaning out my locker my bookbag is heavy and my back and arms are killing me,negative,negative
"here, have fun with this",positive,positive
happy star wars day may the 4th be with you nice that we get a holiday to celebrate,positive,positive
heres a definition of network neutrality for those who may be interested,positive,neutral
warren and hannah are dead oh my godd seriousslyyy this is a tragidy,negative,neutral
is alone watch a lot of dvd on my laptop,neutral,neutral
work work work,neutral,neutral
catching up on 2 weeks of lost and greys house is quiet again,neutral,neutral
nice now gimmeh some nice stuff,positive,positive
morning sunshiines,neutral,neutral
no way i didnt know he was singing rof thats without a doubt my fave he has done on idol thus far eepfangirl moment,positive,neutral
"is laying in bed, wishing i could meet kellan lutz haha im a nerddream on",neutral,positive
i love alexander william gaskarth,positive,positive
i think im going to go outside and have a very john cage moment music majors rejoice,positive,positive
"yes, its a common thing dont you remember i promised you and nic i wouldnt stress online clearly not kept",neutral,neutral
time to turn the phone off and get a full nights sleep,neutral,neutral
"awesome saw you added me on myspace, could you please not tag me in the photos there thanks",positive,positive
at tgi fridays with some of my favorite people ever we made a reservation for 20 and we have like 50 people here hahah,positive,positive
crazy kids wont nap i think its the heat and i still have to tell them that they cant go to grandmas cuz shes sick,negative,negative
happy star wars day may the 4th be with you,positive,positive
i want to be like horatio caine,neutral,neutral
"thats true unfortunately, the leads in the movies dont die on such a high note its more the friday the 13th model",negative,negative
just at starbucks with farrah,neutral,neutral
loves twitter y 38th post mwaha x,positive,positive
"happy mothers day to all the amazing women who put up with us crazy, demanding children thank you very very much",positive,positive
just the mother of all bad days,negative,negative
basil will be the highlight of my day ive just had an old man lecture me on the greatness of the telegraph what an idiot,neutral,negative
"that same smell is wafting thru my grandparents house, papaw has the smoker going out backweve got a long wait tho",neutral,neutral
so its friday i have to keep reminding myself since every day seems the same,neutral,neutral
can you please have a short stakc competition,neutral,neutral
me too baby miss you,negative,negative
oh ok cool will get back to you on that,neutral,positive
trying to recover photos after a problem between windows and my xd card result shots are all half visible microsoft,negative,negative
saw this lil girl that has big eyes and hair like dora the explorer how cute,positive,positive
jus sittin in da libray and this stupid computer wont let me order any mac foundation,negative,negative
"i was saying the same thing yesterday so i droped 120 tweets no the smarted thing bussiness wise, but can find real people",neutral,neutral
"aw you named your car, thats very sweet im sorry to hear that petey has to go, i hope you find a really posh rollerskate",neutral,negative
watching matilda,neutral,neutral
i would like some macaroni and cheese pleaseno,neutral,neutral
"oh, my god the end of the first course dont believe in it but, yeh, so many exams lalala everything is wonderful",positive,positive
and now i smell pancakesor maybe toast or something delicious but no one is at my place cooking,neutral,positive
"so star trek pretty much rocked my life oh wait, it did rock my life",positive,positive
"the eldorado house, goodbye aliante house memories made, memories fade",neutral,positive
"yes unfuzzy, i prefer the fuzzy me and clear caleb wanna turn back the clock",neutral,neutral
just got back from 5km run it was really good,positive,positive
spent too much today tube journeys always take soo long braces on thursdayyy,negative,neutral
it is a drink but they have a trainer brand too have a look,neutral,neutral
"shite night, tomorow, i get to hang out with my little brother and neice, should be sufficient enough to change my mood",positive,neutral
im so happy i aced my final,positive,positive
"horrible dreams last night also had one in which i was employedsigh, if only",neutral,negative
"like your pics, lucky girl, again",positive,positive
"ditto that, my friendbored oops, now i have an exciting problem",neutral,negative
left so sad waiting for mom to come home want to have papa johns for dinner,negative,negative
at the redi med getting checked for strep throat,neutral,negative
a mouth for sure,positive,neutral
where did i leave my citeh jersey,neutral,neutral
heading to yale grandmother in car accident,negative,negative
oo ok when i opened up twitterfon and it said i had a reply i was like lauren conrad andswere me haha,neutral,positive
hii thatsï½mee i woke up and i am going to school why me,neutral,neutral
off to my lil sisters graduationthey grow up so quick,neutral,neutral
doh in a rush to get to the puma open and i just got pulled over so sad,negative,negative
in my opinion one gray hair is one too many i have way too many as well,neutral,neutral
"i woke up at 545 didnt have a full bladder, wasnt sick and to top it off, i went for a run now i wanna go back to bed",neutral,negative
lmao yes its on the 27th i get so excited lol,positive,positive
aww my friend just called and said that she got a better job so she wont be working with me anymore,negative,negative
"years ago, my brother saw you and bruce walking on the sidewalk in sanibel i used to live on pine is great place",positive,positive
i just dyed my hair,neutral,neutral
joes the photographer of the family rehearsing is always fun for the first couple of days it is at least,positive,positive
its 1111 make a wish,neutral,positive
an expense i could do without at the moment,neutral,neutral
happy mothersday,positive,positive
well i cant get cupcake because i cant connect to tmobiles network because my sim card is corrupted,negative,neutral
yum thanks just getting dressed and waiting for my washing to finish so i can hang it up ill text you when i set off,positive,positive
the san antonio missions game waitressing not a huge crowd meaning a slow game,neutral,negative
"more than welcomewould love to do more physically, but family life doesnt allow",neutral,positive
"lol, you can see the sunburnnn its not achurley that bad least i dont think it is xd",neutral,negative
"56 running successfuly via , now to get ems running",neutral,neutral
sky man is quite friendlyand likes joey still annoyed that i got woke up about half eight though,neutral,negative
its hella itchy,negative,neutral
hugs those are the worst mine used to be really bad on the first daysometimes cant even get out of bed,negative,negative
missing brandon wanting to talk to anthony sadshoes,negative,negative
"hey hey i got this custom designed, one of a kind superfresh t over here with somebodies name on it collecting dust",neutral,neutral
loli am greedy im craving coldstone again,neutral,neutral
live long and prosper,positive,neutral
exactly prime minister doesnt need take care this issue,neutral,neutral
"oh let me clarify,know lots of nice people who live there, but thought it always was a breeding ground 4 bnp",neutral,neutral
should be sleeping lost my voice a couple day ago,negative,negative
my imacs died keeps cutting out for no reason anyone recommend a good mac place for service parts think i need a new power supply,negative,negative
"_city hey, u like fob 2 follow me, luv 2 talk more, looking 4 frineds followers ellen",positive,positive
that is a good pic all the guys looked good yesterday thodont ya think,positive,positive
so many freebies for all my jbnoy friends spam thread soon,negative,neutral
doesnt sound so great at all,negative,negative
i really want to go to the concert tomorrow,neutral,neutral
home after a while out i feel like a long skate seshion but got arrands to do,neutral,negative
may the 4th be with you,neutral,neutral
ja deze is interessanter why text messages are limited to 160 characters,positive,neutral
i m totally confused and bored my life must change,negative,negative
dark berry mocha frapp heaven try it everyone here let me pass it to you,positive,neutral
12seconds friday night update has left the city,neutral,neutral
_cera that is so awesome a,positive,positive
lol lets find something quickly,neutral,positive
"drat all my land boots died at once i think of boots like parsley one going to seed, the other first season what to do now",negative,negative
i am actually wanting to buy a bus one day turn it into a motor home imagine a whopping big blokeslib logo on it,neutral,neutral
"videos will be frozen until actual views catch up to the published, artificial, view count oofm was already frozen when we got to it",neutral,neutral
im surrounded by negativity good thing there is a fly guy to give me hope that there is something better thank u jesus,neutral,positive
yes i wanna come hang out with my htown gurl u know whats up haha itll be bangin we gotta hang out chick,positive,neutral
feeling so low and depressed that im not on holiday,negative,negative
got into the show early jacksons chillen lil shorty,neutral,neutral
happy star wars day,positive,positive
yumwish we could be there today i have a cold and dont want to infect othersso we will miss our friday session,neutral,negative
rats the creative vados are out of stock at walmartcom im too late,negative,neutral
last late late with pat kenny bless,neutral,negative
"its official, im finally getting grey hairs at 36",neutral,neutral
i would but youre too far away,negative,neutral
"watching a boring police prog after making a fab pasta dinner, trying to cut down on alcohol so only had water",negative,negative
today is going to be a normal day for i hope we had a group of pilots from a large airline come in last night so it was too much drink,neutral,neutral
just realized all his fantastic nerdfriends no longer live in rochester,neutral,positive
i dont have one here dunno if my mom ever had one or not,neutral,neutral
"for some strange reason, paranoid sounds like u2 but i love them too, so its aaaaall good",positive,positive
i am also very tired,negative,negative
"home, getting ready to back to work on monday maternity leaves is up",neutral,neutral
"17 things to do, the last thing on my mind is cleaning up everyones cake mess",negative,neutral
busy week this week quick trip to chase some oil and gas in htown and then back to office for fun week with the devel team,positive,neutral
"now, lets do funkey stuff, talking with magento, through xmlrpc with codeignite and output with amf zend to flash",neutral,neutral
today was eventful,positive,neutral
aww i heard i just missed you two,negative,negative
chemistry is not fun,negative,positive
the stolen purse when it was new from the storesee tags still on it,negative,neutral
chino gentleman jack is pouting because mommy is gone to dinner,neutral,neutral
my stomach is bleh,negative,negative
i have runny nose i cant breathe terrible feeling,negative,negative
good morning to everyone,positive,positive
"screw the reviews, i thought wolverine was awesome but not enough dominic monaghan for my liking",positive,positive
yeah xd were so close already xd i can talk to u about anything i love u gurrl x3,positive,positive
what where are u guys going,neutral,neutral
unfortunately people at work let me down so i am now having a bad morning its official but revenge is a dish best served cold,negative,negative
still no direct message for me what the hell am i complaining about ill c ya in 27 if u dont answer ill ask in 5,negative,neutral
"yeah, theyre great i think well hear more of them in the years to come",positive,positive
"lol grey skies as far as the eye can see, which is about 20 yards",neutral,neutral
im in love wit this fool from college hill,positive,negative
omg bgt making me cry that wee girl its soo sad,negative,negative
lip syncing im so excited wit blairr then were gonna youtube it,neutral,positive
had a nice dinner with the hubby and now on our way home 45 min drive out of the city sigh,positive,neutral
going to get some coffee,neutral,neutral
ok this is a lot more boring then i thought and matt has me on lockdown bc of moolah,negative,negative
might be at cornerstone this year,neutral,neutral
did not win kelly clarkson tickets sorry cecilia really wish i could give that to you you so much deserve it,negative,negative
me neither,neutral,neutral
"im giving my sis a show at my crib sunday, shes an incredible jewelry designer, but youll be gone",positive,positive
"happy mothers day to all that are, all that are trying, and all that havent nailed their teenagers to a tree",positive,positive
"its time for school, yall 1 happy starwars day",positive,positive
"i got all my hair cut off, its almost above my ears",neutral,negative
did not feel like getting up,negative,negative
"y do i even bother getting a new fonei just break them anyway,,,fones dont float,,especially when thrown in the pool",negative,neutral
"wishing laying on my side wasnt the only comfortable position, i am tired of laying",negative,negative
loves john mayers updates and modeling in the hot sun and being sweaty jk but seriously,positive,positive
say a hi to me tom please please,neutral,neutral
this is how it looks at nights,neutral,positive
"going to my bffs haha but thats in like 2 hourssss sooooocalllll me actually darn, i have hw",negative,neutral
just seen 1 of the fat single mums from up the road seductively sprawled across some poor blokes bonnet he probably needs new shockers,negative,neutral
strugglingselfishness and jealousy doesnt get you any further in life ohh myyy,negative,negative
_pax oh man im so sorry to hear that i hope everything works out,neutral,negative
time to get ready for work,neutral,neutral
when you see someone without a smile pass them yours,neutral,neutral
so wonderful to spend mothers day with my mum,positive,positive
i know yayy,neutral,neutral
"i have a crush on this guy at my job, name is tyler and his eyes are blue and very mesmerizing and he is too cool nite",positive,positive
congrats on graduating college,positive,positive
"ok my friend is about to dye my hair black scary i know, ill try to post some pics tonight if not tomorrow for ur verdict",negative,neutral
"saying goodbye to a good trusted friend today goodbye free sky tv, you were the best friend anyone could have had",positive,positive
is sad to go to work cuz its terminedas last dayand little monkeys last day too,negative,negative
"back from hospital, now at work later studio time",neutral,negative
"so far, so good its still early, though",positive,positive
i am now vice president of social and cultural affairs at southwestern college,neutral,neutral
"youre welcome im going to repost several times to get the message out, maybe help another dog",positive,positive
is thrilled prom went well,positive,negative
ugh cant sleep on this bus still have like 5 hours,negative,negative
no clubsno partiesive spent my friday and saturday night workin on music and am quit content,neutral,neutral
rachel and chelsey left me and jenny stole my bike that makes me muy triste,negative,positive
looking forward to coffee and driving tomorrow really,positive,positive
seen u a couple of times liked it,positive,neutral
best show of my life guess im going to sc this week,positive,positive
hey danny did u run already hope you have a good day i love you,positive,positive
definition of senioritis me about to go to chem ii and calculus not good classes to feel like slackin,negative,negative
_jackson already theres none left back to cabbage soup,neutral,neutral
"woof, i wish i was allowed to go",positive,neutral
"waiting for my friend to come over, so we can hang out",neutral,neutral
i can remember those evidence based management lecturesdefinitely the best of ebm,positive,positive
zoombezi bay was soooo fun buuuut my legs are soooooo sunburnt,neutral,negative
"great weekend, even though my site is not moved plenty other things to do and learn keeping the faith and looking to the future",positive,positive
lets go home,neutral,neutral
"i used to live by the ocean, i shoulda gone to the beach more often",neutral,positive
jus got done swimming soon ima need to stay outta the sun,neutral,neutral
im on my way,neutral,neutral
", heeeey dear finally found",neutral,neutral
"ohshnapsss is she pissed at blair as usual hahah yeeeah, i bake cookies",neutral,positive
cant decide on wht i wanna do with the rest of my dayi think i may go bk 2 sleep woe is me uugghh lol,neutral,neutral
i dont feel good sick to my stomach,negative,negative
last full day of vacation,neutral,neutral
so sleepy again and its not even that late i fail once again,negative,negative
phew will make a note in case anyone else runs into the same issueï½,neutral,neutral
good i hope that it was a wonderful experience,positive,positive
hahah ill try,neutral,neutral
thanks sweet dreams to you too,positive,positive
yeah we still needa hang out lol is glad you had a super time at the show,positive,neutral
awake school ew but i put on some nice lotion,positive,positive
"i want 2 see that movie, too have fun",positive,positive
missed the cutoff for the free chocolate eh wellbikini season is coming,negative,neutral
goin to bed finally so sleepy happy mothers day,positive,positive
getting ready for an early night tweeps have a great one every 1,positive,positive
yeah,neutral,neutral
thats so weird seeing your myspace page without me there had to delete my page though,negative,negative
its looking like the magic,neutral,positive
thinks malibu is the drink for me lets all hit the bottle woop woop,positive,positive
rt 30 cool things for successful entrepreneurs to do please share,positive,positive
"its great when locals stop you to ask for directions, and even better when you know the answer",positive,positive
"humm i adore mark ,so im just going to throw it out there have a nice people",positive,neutral
i dont feel well at all,negative,negative
bullhorn tell ur friends 2 follow me come onnnnnnnnnnnn ppl,neutral,neutral
"i miss ya, boyfriend when am i gonna see ya again brtt",negative,negative
i have had to yield my computer to the webkinz fan club,neutral,neutral
itsurely will dear in posted a presentation on swine flu yest and it got 500 downloads in just a dayi feels great,positive,positive
"the sun is out, can you believe it",neutral,negative
joe and i loveee you,positive,neutral
a little bit of good news,positive,neutral
"_bee same here coincidently, my friend just cancelled our movie date",negative,neutral
so seriouslyi need a date to a wedding really dont wanna go alone its may 23rdany chance,negative,neutral
"oh, coo i was suppose to be an intern too but dangit, sat so hows the intern life haha",neutral,neutral
i wish the photos on your site were bigger,negative,positive
"haha no chance, i tweet rubbish back",negative,neutral
"it might be sunny today, but alas, new product must make it to etsy",neutral,negative
ohhh baby pdgg ahh im missing it ahhh hehaheahaaaa,negative,negative
i dont think i like this roy williams who dissects frogs while still alive you look like chachi from happy days,negative,positive
no boby will not talk 2 me,neutral,neutral
why dont we close the library due to the great weather and the ac isnt working,positive,negative
"thought you should mention that you dont need to enable growl in tweetie to make your plugin work, and to avoid duped notifications",neutral,neutral
ur moving to leeds wut are u doing up there work ur just a jetsetteri wanna move to england too,neutral,neutral
"re home thats exactly what i meant home in dtown also, re computer uh i brokt it",negative,neutral
so i thought the cavs would crush the magic and i come home from up north to realize how wrong i was,negative,positive
thanks for that,positive,positive
saddest thing ive seen a while,negative,negative
"hey did you get any more info about your graduation and i think my moms gonna let me go to cp, if you guys still wanna go",neutral,neutral
someone is ignoring me being mean,negative,negative
one hour till i go home and commence pouting because no bahama trip for me,neutral,neutral
"no, def rubbish tonight",negative,negative
who what call me,neutral,neutral
"_m melted maybe 2 square inches of skin ran it under cold water for a min or two and then iced until the ice melted now, hurts",negative,negative
is sooo waking both of them up on my way back to sb good night america,positive,positive
i cant have any,neutral,neutral
im christine and im a friggin shopaholic check out my new coat had to promise someone i wouldnt spend for 2 weeks after buying this,positive,neutral
"no, im a people pleaser",neutral,neutral
everyones abandoning the office i still have 5 hours to go,neutral,neutral
lol i cant drink,positive,neutral
i thought it was just me that was like really hot my room is too hot to sleep in,negative,negative
i need to get my life together aka my apartment all cleaned and back how it was before my birthday,neutral,neutral
testing hey i gotta add you as someone to follow,neutral,neutral
no southland this wk,neutral,neutral
woke up early still sick,negative,negative
is up for lots of revision today and then out toniight,neutral,neutral
okay the new jonas episode was awesome,positive,positive
he still doesnt love me i wont ask again,negative,positive
_e im going to my dance class now,neutral,neutral
omg i didnt even know my friend knew lol its a small world,neutral,neutral
"_marls nah i got bare work to do, 3 weeks left and im bare behind",negative,neutral
_sunshine i figured that but i ended up taking my cousin to work in the rain anyway but hit me up,neutral,neutral
perfect practice makes perfect,positive,positive
hey wow cheers for the insight ppl looks fun oh im just stunnedits aweomse robluketic live,positive,positive
"having a hectic day travelling from pj to uniten, back to pj working now at cc office",negative,negative
"that happened to me so often, i hated it every time i moved to a username that i thought id love, i moved soon after",negative,positive
_pax that sucks,negative,negative
"rachel allens date bars, so easy to make",positive,neutral
"no i want too, but a couple of people said it wasnt good",neutral,neutral
please do snl every week i couldnt quit laughing usnlbest nite ever,positive,neutral
just found out that they are running a lil behind,neutral,neutral
so over it,neutral,neutral
then maybe we should ask him for a raise,neutral,neutral
17 again was actually quite good consideringoff to bed now long day tomorrow june 12thplease come soon but not too soon,positive,positive
is liking this feeling,positive,negative
sending you love on mothers day and wishing you more happiness in the days ahead,positive,positive
i am such a creeper i feel disappointed because of it my cyberstalking skills the internet no more privacy,negative,negative
happy mothers day hope you have an awesome time with the bug,positive,positive
finally out of school for today had to sit in library for a long time,negative,neutral
"no strange, each time we return i feel like i have come home and yet i have no spanish blood that i know of",neutral,negative
"had a cracking night last night, dont think ive ever laughed so much nice, lazy day today woop",positive,positive
recording new songs,neutral,positive
mary hates me again i wana walmart it butno one wants to go,negative,neutral
yeah yeah gd night then,positive,neutral
yeah unfortuantley sam hanks bowl that he like rolled along the floor got me out grr,negative,neutral
i hope for a speedy recovery for you,positive,positive
good morning hows u,positive,neutral
never better i had to follow some local tweeples its only right,neutral,neutral
tyler perry is hilarious i think i will im off to bed though so i tweet ya in the morning goodnight,positive,positive
ever seen the tv show dead like me i died and became a grim reaper taking peoples souls after accidents,neutral,negative
got woken up early again i kinda wana just chill today but theres so much to do,negative,neutral
tried to do an audioboo recording but it distorted due to the high volume,negative,negative
soaked in the rain in 30 seconds and i wasnt even hiking 84 miles with 25 miles in the rain like last weekend,neutral,neutral
haha that photo is too funny i hope he wasnt disturbed by passengers too much during the flight,positive,positive
i was supposed to go boatingsongwriting in cape cod but its cold and rainy,neutral,neutral
"i dont like seeing my best friend cry, it breaks my heart and i dont know what to do or say",negative,negative
darline miss you,negative,negative
i was just thinking that,neutral,neutral
yes please and if youre gone i might actually get some work done lol,neutral,neutral
road trip ftw am playing with trains today so its all good here,positive,neutral
wave would trend higher that bing,neutral,neutral
nothinbg home about to jump in the shower the streets is calling meeeeeeee what is it 4 tonight tell m,neutral,neutral
o you saw fleetwood mac im insanely jealous i dont have enough money to buy tickets i think ill never see them,negative,neutral
ones gone to my husband whos going alone other i might just leave at box office under a random name for anyone,neutral,neutral
"hey, ive just updated my twitter",neutral,neutral
thanks theyre both so cute havent been home for many years so havent seen them in person,positive,positive
listening to faith spirituality and the internet,neutral,neutral
"i have yet to understand any sentence u have ever typed,but its kinda funlike learning a foreign languagei love to quote u",positive,positive
cnews wasnt as bad as i expected could have done better but today we did a great show,positive,neutral
well done doing blood workits hot out again,neutral,negative
madaya ka christian bleh i hate u,negative,negative
"_ kks have fun eating lol, remember shaun loves you haha",positive,positive
wow the weather is amazing today,positive,positive
is ready for a productive friday one of the last of the year,positive,positive
is now going to the hairdressers instead of running due to rain,neutral,neutral
good morning sunshine tiime for chooool lol bbl,positive,positive
"goodnight and good bye to all of you, hope you have the best of dreams",positive,positive
anywho im having an early night good night twitter world,neutral,positive
_ i had curry shrimp yesterday lol i love seafood,positive,positive
im working on a painting due for school and hating myself for sleeping all day and starting this so late,negative,neutral
you can find more info on getonu2com we hope to launch the project this week then well really need some help to release it,neutral,positive
there is nothing for me to do here wk i should just go home or i can go look at bathing suits bah humbug lol,neutral,neutral
"i hate life at the mo, it sucks",negative,negative
ok twitter show me what your all about,neutral,neutral
"listening to the commentary track on holiday inn never thought id see bing crosby in black face, but the rest of the movie was cute",positive,positive
ps sorry about ur uncle,negative,neutral
its is in the july issue of oxm so i dont have anything to link you to right now,neutral,neutral
have to go now byall 3 see ya later guys,neutral,neutral
watching oceans 11 in vegas seems so appropriate,positive,neutral
"they really do need to mind their own business, eating disorders are not the only reason people have to vomit, assholes",negative,neutral
"would you pay 60k for a lunch with oscar de la renta i dont see her hitting east village shops, do you",neutral,neutral
man i cant belive that you did what you did everything does not look as good as it is,negative,positive
ofcourse they wait until the last minute to run an experiment at workthat i have to supervise aka i dont get to leave work on time,neutral,neutral
"naw, it doesnt match up lol and i have no shenanigans to discuss but i did do the thing",negative,neutral
cant go to bed an am sooooo tired,negative,negative
byeeeee,neutral,neutral
"i would have, but supertarget didnt have any",neutral,neutral
"im not going on the cruise wish i was, but im just going on vacation thanks though",positive,positive
gmail,neutral,neutral
_benson you are an absolute legend love love love it,positive,positive
recovering from an italian cruise in the mediterenean,neutral,positive
yeah i work 7 days,neutral,neutral
"i know but like i said, i have no idea how long it takes for them to investigate this stuff",neutral,neutral
im still thinking about that fkc meal i missed yesterday,negative,negative
that sucks majorlyhhhmmmnnnim thinkingi wouldve said the self tanner or a really good concealerim stuck,negative,negative
"trying to straighten my hair, but its too effing hot in here also, i need food",negative,negative
was that sass i detect as long as it isnt back sass haha,neutral,neutral
yeah i know i need to get back into twittering just havent felt it but yes thank god for txtin i would miss ya more,neutral,positive
"never touched a drop, me",neutral,positive
i miss my cousin so much,negative,negative
or something to do with all the red bull hmmm you think maybe,neutral,neutral
where are all you motivateddeterminedwannabe sexy successful young professionals i might really have to join a bni if there is no1,positive,neutral
"exchange story gone, yaaaay on with sweet charity",neutral,positive
whoohoo just went to get movies and junk food its a womens night mwahaha,positive,neutral
yeah thought it was awesome glad to see some characters like gambit brought back into the fold,positive,positive
a headache once again ugh,negative,negative
"staying in, hve june exams 4 docent training class ,need to study , we hvng zombie movie sunday aftrn, u both shld come over",neutral,neutral
i am leaving soon for kansas city to take some of my stuff only 8 days of living in carthage left,neutral,neutral
i will tell him i said happy birthday tomorrow too is you talking about raymond,positive,positive
i am having the time of my life,neutral,neutral
i hate watching the news why do such awful things happen,negative,negative
"but if you got hit by a car, who would make such lovely music",neutral,positive
made it to wisconsin now off to golden corral again dang lol we missed the graduation tho dang,negative,negative
rain aaaaaaaaaahhhhhhhh im gonna melt its cold freakin cold brrrrrr,negative,neutral
gotta get ready to leavealec and i are going hunting outside of volterra this should be fun talk to everyone later,positive,neutral
happy mothrs day 2 all thaa moms outt thr,positive,positive
this traffic is ridiculous im may not make it,negative,negative
"try have a read of the paul mckenna book i can make you thin, it has some good advice on how bad traditional diets are",neutral,positive
even arnold couldnt save the parks how is this providing jobs,negative,neutral
"feeling very grateful for such a great mum, and family",positive,positive
has been told shes not allowed in the sun tomorow either that or wear sun cream,neutral,neutral
well i asked you a few days ago and you said money was the only thing holding you back saturday or something,neutral,neutral
"you and the guys should come down here, we are freezing out here",negative,negative
going to bed talk to ya later goodnight birdies lol,positive,neutral
crawling into bed super happy that the penguins won tonight,positive,positive
"rain, rain, rain wow i actually love the rain",positive,positive
going to bed goodnight xox,neutral,positive
"aww i used to do that when i was little, not so much now haa lazy shiit",negative,negative
"hey dude who turned down a flyer, youre a poser and not nice",negative,positive
oh those messages probably not,neutral,neutral
sounds fun,positive,positive
"today has been a nice positive fun day , after several weeks of bum days",positive,positive
constantly looking at the clockkkcome on 11pm,neutral,neutral
safer to say that your cube is now a sphere but roll with it buddy it is an awesome time esp the 1st one,positive,positive
omgoodness back to school soon fun,positive,positive
"plan may changes , nooooooo",negative,neutral
"come on, leave gretel alone now i liked her doing the",positive,positive
zomg so cute matt thats a good movie,positive,positive
_bach thank you for your positive energy contributions here,positive,positive
"its been fine for me for like, a week, but now it just wont load",neutral,neutral
wut do i do now,neutral,neutral
fantastic pick up a for me,positive,positive
so my life has come down to nothing more then making choices ill only regret later,negative,neutral
have a good one,positive,positive
thanks for following,positive,positive
awesome have to take a look at them when im home,positive,positive
"nah, they dont all my twiter followers are fabulous",positive,neutral
are you okay,neutral,neutral
rip grandpa graduation today,neutral,negative
is going to see the hannah montana movielolwhat a dork huh,neutral,neutral
its friday trying to find something to do,positive,neutral
green computing,neutral,neutral
"you hate her, i love her presentation got cancelled i got up at 0600 and went in to work today for this pitch",negative,positive
wait till england wc t20,neutral,neutral
"hello james, who are you",neutral,neutral
_shields06 good job i wish i worked in a zoo,positive,positive
i must of brought the bad weather with me to the states,negative,negative
got a super cold,positive,neutral
_daughtry fyi canada cannot see the vh1 preview of the video,neutral,neutral
im hella pushin for ithow was tha graduationsorry i couldnt smash thru,negative,neutral
i know but,neutral,neutral
im so hungry,negative,negative
yay just bought american dad volume 4 also seen australia is out on dvd could be a lot cheaper than going,positive,neutral
kinda done trying ugh oh well it was worth the effort long day tomorrow night tweeters,neutral,positive
are you not well,neutral,neutral
"wait, i lied",negative,positive
love johnny deep looks in public enemies l ill catch this film when show in hk,positive,neutral
i know it sucks,negative,negative
wow their is no pancake mix,neutral,positive
"2day, i go friggin loose 1, life sucks",negative,negative
"eh u dont like retro tisk tisk, what u been upto apart from waxing ur mustache lol",neutral,negative
there is a sadness in the air at school but i got two awards,neutral,negative
doesnt have a hangover and is getting ready for a good ol english fry up,neutral,negative
"trying tweetdeck, have seen, you are twittering with that programme, so i thought, i should give it a try",neutral,neutral
"hi simon, im new to this too but just thought id tell you jimmy carr has tweeted that you make the star trek movie",neutral,positive
when will medhurst play again,neutral,neutral
"there will be no vidoe evidence i cant wait, though now i just need 2 find a regular partner if i end up loving it",positive,positive
thats on fox isnt it never watched it,neutral,negative
shower then back to bed so sick still,negative,negative
hypnotyst hmmmm i should beware,negative,neutral
at work booo,negative,neutral
i have a song suggestion anything from the veronicas first album the secret life of that would be a good choice,positive,positive
ahh everyones out today taking in the sunny weather except me might go and watch some tv,neutral,neutral
thats great news,positive,positive
"cool sound luv drama, love game doesnt work on ur myspace wish good luck xoxo from spain",positive,positive
it looks as though i am sick little friends,negative,negative
buy yay for your shoothope it goes well what is it for,positive,neutral
follow cause she really shop there even though she dont be showin love no more,negative,positive
but now its gone,neutral,neutral
great,positive,positive
"awww thanks jon my 9yr old told me i was to sleep in, while they all clean the house best moms day present ever",positive,positive
"thanks, btw which mens hairstyles are in right now im growing my hair long anyway hope you are having a good weekend",positive,positive
"aah, im tired havent chilled a minute today",negative,neutral
i follow him now,neutral,neutral
"woken up finally after a long night out, tea, toast and tv coming up",neutral,neutral
that is true its up to their discretion being nice to them also helps so far i have not been turned down,positive,positive
fun who did you go with another park no invite lol,neutral,neutral
_mitchell ive never been to the opera beforedont think that was me,neutral,neutral
"ooow those look painful, poor bb",negative,negative
"nothin better then ridin in a car with your sister while blasting th, cb and lady gaga so loud you cant hear yourself screamin the lyrics",positive,neutral
"_girl girl, those are bangin shoes work it",neutral,neutral
pride next weekend in long beach,positive,neutral
i really miss my phone i cant wait till my new one comes,negative,negative
so no rice or crusty bread with the chili aawww,neutral,neutral
problems seem to be fixed now thank you,positive,positive
"_127 good morning one m,ore day yay",positive,positive
of back off other peoples he can only have one stalker,neutral,neutral
"well you my man, you and your truck are 900 too many miles away",negative,negative
_d_ happy birthday,positive,positive
"thanks, feeling good and off to new forest later",positive,positive
i want it back now,neutral,neutral
i really miss sebastian,negative,negative
my film didnt come out the camera was broken lamesauce,negative,negative
thing always end up going bad,negative,negative
_navarro i wish this area offered chinese food delivery,positive,neutral
hanging out with ambyr,neutral,neutral
yeah quite a few kids in my school got swine flu they only close down the school if its 30 kids or more,neutral,neutral
"ah sameway yet, has 2006 votes we need more vote d",neutral,neutral
"i think he thought about it, but then i sneezed on him",negative,neutral
"i am writing the most boring part of my paper hmm the sun is shining and i do not feel like working on this, however i have to",neutral,negative
"yes, at an upgraded consumption rate, too",neutral,neutral
im off for tonight good night everyone,positive,positive
i was invited to one on the beach but it was too short notice i mean why the hell tell you 2hrs before really,neutral,neutral
"just eaten, and feel extremely bloated now for the not so fun part",negative,positive
"off to bed after hours on the phone gossiping with bia, lol nite nite, sleep tight",neutral,neutral
your peanut butter soup was amazing and so was everything else your soup was just a higher form of amazing,positive,positive
